x1,x2,x3,z1,z2,z3
-0.3922070623014212,3.824870978734554,0.6034919699215127,1,0,0
-0.07669469003911589,-2.8127860592890266,-2.8378560630685463,1,0,0
0.24101110262476044,-3.5274836494766215,-2.2012086903093206,1,0,0
-1.5076784904416811,-5.912615515308549,-1.2942177747161687,1,0,0
-2.001686356109693,0.37126444315435275,0.3249045121617329,1,0,0
-3.7138661992100985,-8.17474493947704,-2.6392710944050983,1,0,0
-1.188951780314571,-2.6943886781828694,0.8564483665725258,1,0,0
-0.34481904572315714,-3.967691740663643,-1.1476799537412061,1,0,0
-2.412994694674289,-7.405072914133466,-2.0337539784337784,1,0,0
1.1278154209642302,1.6547818397251737,-0.513134752035006,1,0,0
-0.010281881398661818,-1.7447144540411752,-1.6424881714002173,1,0,0
-0.47066431827294086,0.00654715167591341,-1.9053448982274241,1,0,0
3.551491055598233,8.75341581194237,2.976597021005889,1,0,0
-0.649854440196751,7.121866715928362,3.3108801857253614,1,0,0
-0.07956351339405376,-4.394730080096835,-0.6752251748415712,1,0,0
0.2899610260180673,3.9410432857349886,1.2399281220708447,1,0,0
-0.08142832993836208,1.8819140948679627,0.07050848427048453,1,0,0
0.8720474572166667,7.4356857404482435,3.045449703931135,1,0,0
-0.36323905638186893,-5.116507594662473,-0.9981941031145175,1,0,0
-1.7879071288700676,-2.253932137070285,-1.765875926237652,1,0,0
-0.2096927120537855,-1.7410805915064271,-0.4009231971470032,1,0,0
0.49954779196679133,-1.5363292579119527,-1.3793354687843733,1,0,0
-1.862539340569203,-10.252007984073996,-2.563318643050497,1,0,0
0.8423363185200011,-0.31521132789872924,-0.2851198272440597,1,0,0
0.40942752101516944,4.371512252184439,0.20634143938721924,1,0,0
0.965910944580533,1.8239711943071653,1.7806047274711891,1,0,0
1.5112847222879182,-0.6033482216243287,-0.49929517895941466,1,0,0
1.4939965227120564,-4.096898278020616,-2.800009084769227,1,0,0
0.25956311188401027,6.9073464149408474,1.4347415712138418,1,0,0
1.5412059873564885,-0.33002302812385487,-1.8671738031481366,1,0,0
2.560797843451261,4.930967830916328,1.7489701069303123,1,0,0
0.029897875004831764,4.622389486116461,2.3248830072441007,1,0,0
1.0396725612394337,-0.9820888536971415,-1.5377847483541984,1,0,0
1.4605627890666493,2.493682105069545,0.6153874397202047,1,0,0
-0.8361072388478605,2.186275521782619,1.5063495773874775,1,0,0
2.288249577534126,3.2554712994444186,0.5762731748644041,1,0,0
-1.6455691127591674,-3.6767402129370046,-2.7464139726569416,1,0,0
0.13987861563816006,1.4882386793032003,1.1392064960078543,1,0,0
-0.1762731972062539,-3.7047242906175253,-0.8088165863310884,1,0,0
-0.17039121763597848,-1.8483992491080241,-0.842563757801199,1,0,0
1.0584016026426932,4.11897944325659,3.0559217458637837,1,0,0
-1.2575674460706754,-6.958523264363985,-3.032146153180817,1,0,0
-0.030558095856405898,-3.500324444026817,-2.566157314275026,1,0,0
1.0246600452544856,7.747825473746255,2.2315827544479827,1,0,0
-1.0550486768250285,-4.069599834086997,-3.1886031607544996,1,0,0
0.3041627391352376,-2.516177562921486,0.034002585152256445,1,0,0
-1.2315848701899341,-11.782941929565569,-4.1196238625571855,1,0,0
-0.07869126937356419,-3.786008287557311,-0.8878592437185479,1,0,0
-1.8878937559265079,-8.869673092573152,-2.4274844585727036,1,0,0
-2.0619524550935626,-1.00197324169782,-0.4031478052545234,1,0,0
-0.5231947883485797,-4.796130478201845,-2.148684899083647,1,0,0
-0.8900577875661174,-8.067965445165644,-3.7638105654055933,1,0,0
-3.023906874225224,-0.8325758490184877,-0.7388407449491704,1,0,0
-0.47000239857653037,3.558259047877201,0.13048507273277166,1,0,0
2.4934295771343344,13.23559133289937,4.9895417638596395,1,0,0
-1.1472275076589047,-6.215350753521376,-1.6678309949868497,1,0,0
0.7484259620659436,2.196147392576896,1.7573144744861686,1,0,0
1.3823363400964428,0.0823629752631429,0.1272931023197298,1,0,0
-1.861283656804989,-6.058828058756881,-1.5467557688375981,1,0,0
-0.16681042264396687,-1.664104642954789,-0.49434937600666456,1,0,0
-0.09596252861519083,1.492052958809747,0.47759415792534776,1,0,0
-1.2162918990965323,-3.661466250912143,-1.2374183403394303,1,0,0
-0.9790814167692593,-4.265963999397751,-2.435556124633267,1,0,0
0.06072886099241437,3.5076789767139873,0.7488406859536778,1,0,0
-3.161466394664438,-5.677999228918247,-3.7379959492646986,1,0,0
0.5699673277558542,-0.19097845764453358,2.048439323173643,1,0,0
2.299038672310921,6.536177565787028,3.2106598038451892,1,0,0
1.1715423071600697,7.087458580179535,4.802326949733165,1,0,0
1.1822662552993255,1.2133855476336501,1.1773834719219907,1,0,0
-0.7109801745238188,-2.994427389507657,-0.9697515476801188,1,0,0
-1.694465152222404,-3.7441838888926386,-0.43011494155256697,1,0,0
-0.8765433732626189,-2.2788330129499577,0.2772698268060639,1,0,0
-1.8784657474459951,0.33009214085426436,0.8756285231414261,1,0,0
-3.372008956542108,-7.997077745653409,-2.4587158409041474,1,0,0
-1.0756553760305314,-1.6966768584016065,-1.627384236696008,1,0,0
1.394996537714123,6.011370978347339,4.461884041388497,1,0,0
1.6349868118350863,-1.939900723964597,-1.5753104729190888,1,0,0
-1.771677918544147,-3.9545507960258153,-2.443524540337034,1,0,0
-0.3493092209227835,1.967090827199798,1.2246375492177177,1,0,0
0.07424913416596707,2.2725113525816254,0.0633507179043418,1,0,0
-3.0776344366899555,-7.504951875692318,-2.84596311553353,1,0,0
-0.8103624884716134,1.1984693930457508,0.21447704873404638,1,0,0
-1.7782900039657552,1.4230907214017916,0.09914471518441928,1,0,0
-1.3358847973653325,4.825933021885717,1.4813511833468793,1,0,0
-1.9272649738446037,-2.5212050561985353,-0.9196628337344206,1,0,0
0.2604861001746001,-0.7174431901313636,1.408033826356002,1,0,0
-0.432075621333764,-1.183668596339139,1.4830537478942447,1,0,0
-0.6215923916178696,7.307312867624197,3.554488147037212,1,0,0
1.3890571828673457,0.34981089710341823,0.7103718706893829,1,0,0
0.8599553523988348,2.1400146445248183,0.10285794415225956,1,0,0
1.0575719453440575,5.85995710222108,2.257938235701682,1,0,0
-0.6657065679610095,1.354418380852774,-0.07021759037504033,1,0,0
-0.6291063891942663,-0.4810048781363641,1.5589634915794293,1,0,0
-0.6822682555526656,2.8381733972850793,0.7610477698219028,1,0,0
0.5790836462100016,-2.088298695347969,-2.4340591688046955,1,0,0
3.8101433722011624,13.983525500309572,5.122442552216342,1,0,0
0.0020888580988215333,-3.010652495927579,-0.5737625013606721,1,0,0
-1.1625716005760194,-4.290509832086114,-2.2704568491386943,1,0,0
0.2620696650847085,-8.12082626162418,-1.7815213614061394,1,0,0
-0.47081132304666173,-0.6578626164612341,-0.60272250342504885,1,0,0
2.106824892842907,5.925975991948737,2.5043200494466795,1,0,0
2.5845952746805456,7.278393838859769,1.827090527213862,1,0,0
-1.7652083985145934,-2.215299844412933,-4.010611723126519,1,0,0
0.7587073296543849,4.485633326082395,2.293483561721214,1,0,0
-0.13433428565727223,-5.850866218828161,-1.6575942712877585,1,0,0
1.4562765644967999,0.22243195570741894,0.7060514481762645,1,0,0
-0.8978650623503062,-0.7723215003456134,-0.5778893530101692,1,0,0
-2.5082526711036683,-1.8067845267530542,-0.0785424362020973,1,0,0
-3.395319737788835,-8.183058645706492,-3.3495500319899825,1,0,0
-2.547133392274558,-2.6556865271973624,0.5733587007914986,1,0,0
-1.533907985401205,-3.4316062112394476,0.3843602512261886,1,0,0
-1.6812569500599552,1.060157086206213,1.6005419252587414,1,0,0
-0.7022015351608446,-6.6380879165220685,-3.5020891642822756,1,0,0
0.7287598015384199,-3.0973926091703126,-0.14641928406287144,1,0,0
-1.0190776148968927,-1.6090846459726424,-2.570302147804828,1,0,0
-0.8028456768634604,-9.877417794504465,-4.529761962969524,1,0,0
0.2787792074419944,-0.3623523572830848,0.7641599065653346,1,0,0
0.17258876644616755,2.6472879623523267,2.405523943916454,1,0,0
0.7003566944487083,7.024475304083133,2.4530247519176345,1,0,0
-2.079818617638987,-3.0302614270987553,0.7818451729856647,1,0,0
-0.9673651306098605,-3.7717414546256016,-2.785214470154301,1,0,0
-1.200444743983979,-2.800765759264683,-0.1993911242702412,1,0,0
1.0273161147851324,4.584199911817587,2.8434410796535974,1,0,0
0.6592527642417143,0.8842032674232372,0.362618898316155,1,0,0
1.5683681260948306,2.9188744580545083,0.7200611073343939,1,0,0
0.3265063228342261,0.3211733705623531,-0.3364777198108753,1,0,0
-1.9282281949106563,-5.234604641567357,-3.337939446365545,1,0,0
-0.08497340329886433,0.7611666243097234,0.3235020872704862,1,0,0
-0.0818066182459764,2.385101055720427,1.0679462928020391,1,0,0
0.0033310748767362286,3.148783238742065,0.50061498566147,1,0,0
0.33356046838647413,-4.955506930388716,-2.0072043518767386,1,0,0
0.017564797885257222,-3.549923508320754,-2.709670012541962,1,0,0
-0.8973740758742594,-8.570913341991618,-2.941623203083526,1,0,0
-1.2994270211398669,-7.175892485383135,-4.621739856597559,1,0,0
-0.08237208512049302,-0.44815289774368944,-2.6513956328973007,1,0,0
0.4807642198010047,-1.8413967475832438,-0.059770235634112885,1,0,0
-1.4664726279931835,-0.1183089493256384,-0.1106032019881661,1,0,0
-0.23088285010668808,-3.069938332826237,-1.2719825168820869,1,0,0
-2.1425207842896583,1.0335951281349498,0.6495568416746245,1,0,0
-0.43233662358512254,1.4908252550724084,-0.9310135601592527,1,0,0
1.1459880877097728,0.9933962131245759,1.8970727563921064,1,0,0
3.2478525846031827,8.981312252546358,2.7716139659707713,1,0,0
0.2590962756616836,3.11770111929072,2.6682456140526933,1,0,0
-1.0935561298052174,-5.9976471457834055,-3.7979587849279506,1,0,0
1.9860557428519205,-3.392167434531863,1.4305863858634833,1,0,0
-0.5740857483384941,0.933498177579089,1.6859586105289495,1,0,0
2.566472492218579,6.787856621918541,1.9848715513724167,1,0,0
-0.8552510622900692,-6.330906978458487,-1.0918355675250608,1,0,0
-2.593018464214008,1.4463480089434033,0.5101833682066619,1,0,0
-0.6936891096242954,1.7815268317025725,2.969371222874054,1,0,0
0.8605670186064897,0.7480369398113631,1.7868695365303273,1,0,0
-0.7971085059375667,-5.410996674549544,-1.1251007878845594,1,0,0
-1.0174009778548263,2.4042427901297287,0.7417083314142832,1,0,0
1.8325428697385284,5.881972501708711,1.0444727997661802,1,0,0
-0.007853139401910791,3.2891313655746197,1.6873624172684212,1,0,0
-0.9746549360212129,6.124425767412745,1.6492435543343895,1,0,0
-0.4518208772651465,-7.084978861179615,-1.8248254996724071,1,0,0
0.5022240267471888,3.136540977254554,1.7024413784055659,1,0,0
-3.2713224904798817,-8.667688936139033,-3.239797434989273,1,0,0
1.1383226406458578,0.9203238063179778,1.1312788100962539,1,0,0
-0.4221758302595551,1.175620761417554,-0.396875869612454,1,0,0
-2.041866816299916,-8.373442496316914,-2.6927430270717228,1,0,0
-1.9243723474701149,-2.001269346666927,-0.5691433149369458,1,0,0
-2.7387545096683827,-5.068118495974585,-1.399080141608307,1,0,0
-0.7020928563004435,-2.310719080807181,-3.193607661301759,1,0,0
2.1517911498140996,6.762244316261759,3.9158400190755134,1,0,0
0.8932775095155543,2.102399101035789,2.045690839143249,1,0,0
-1.475374034968931,-2.182764907367452,-0.5365853649786052,1,0,0
-2.1476694234988787,-1.933841393795018,-1.2944272895581674,1,0,0
2.502085822213142,8.546859052357062,2.2489550884133096,1,0,0
-0.9918338361777512,-2.3926365264209997,-1.7633324832266086,1,0,0
-0.24982742345640774,-5.365464636557109,-2.81898008246169,1,0,0
-0.45286260980761633,-4.266999850768252,-2.178179297349387,1,0,0
-0.7299351054408391,2.090486498171954,0.7186678408952231,1,0,0
-1.0516512487538145,-2.5810431535915277,-1.0877883688860681,1,0,0
-0.007166706585516547,-5.964077183495418,-2.4857261715954273,1,0,0
-0.07466456394102794,-8.973903711029237,-5.076033890433343,1,0,0
-1.9459063284475575,-0.308670824957838,-2.8399985030982005,1,0,0
-2.4224514017889858,-6.733889189764331,-1.3390750981554633,1,0,0
0.5788688485782054,8.88948726059133,1.6581331691056147,1,0,0
-3.6915231328406883,-14.175024511422647,-4.30133732861472,1,0,0
-0.9218798858805168,1.0098440695511477,-0.41369716959024194,1,0,0
-1.7865543621940982,-4.2861062545129185,-0.8465053823096615,1,0,0
-0.0703109365455189,0.9603922479439488,0.5667698757928155,1,0,0
1.5680299741972172,5.297002543217817,3.4830458598841423,1,0,0
0.12185274880817454,-1.0021504812200035,-0.7875054387020438,1,0,0
0.9776111038827934,5.774035294787091,0.494542382255667,1,0,0
2.1978905642048048,1.0643635286825386,1.6457387581662237,1,0,0
0.17828886852991044,7.997936256172304,3.996626337562219,1,0,0
-1.6827351974710103,-5.369542387935071,-2.068341759581725,1,0,0
-3.662068003038745,-11.72529923402381,-4.253462115943537,1,0,0
1.3836505835780026,-0.18300398222130396,2.6119338277335746,1,0,0
-0.2838865267215559,-0.6295159575866702,-0.06798212778616611,1,0,0
1.4107341506222357,-1.0243247449597608,-0.7393049782923697,1,0,0
1.18794445063803,6.515003172608334,3.2885307221592752,1,0,0
2.389010732364517,5.696209792826806,1.2254426167633237,1,0,0
0.35405518662359287,-0.2864875592564377,-0.1121402642503014,1,0,0
0.010204227006545774,-2.1764462884072637,0.8548271813893463,1,0,0
1.1917560865833294,4.168070449047708,0.6497550419124206,1,0,0
0.46062885019116545,2.1204926127436208,0.788470810612772,1,0,0
3.4855316214290233,2.798617689621332,1.8789892610687162,1,0,0
2.484160153623516,-1.3338462675678207,-0.8542405823599474,1,0,0
0.28232769428419846,-4.708803793393873,-2.079317121774323,1,0,0
-2.2239262896051315,-5.284483887499976,-1.5124754723378995,1,0,0
-0.6650735957573712,-3.131470860382197,-0.957376004819421,1,0,0
-0.5990731265453684,9.275494096708632,3.405056073429357,1,0,0
0.0297461676591253,5.124279650466957,1.2403090634455807,1,0,0
-0.11796710364332752,3.1387642309829795,0.04076339267989351,1,0,0
5.345992399132069,14.235625861552876,6.187638891423407,1,0,0
0.13015377623506996,2.0702483318383647,1.4726609564100823,1,0,0
-0.29657567952857455,-3.6634777445332207,-1.7780180294993662,1,0,0
0.20667391325980233,0.6209022125418697,1.529451141032484,1,0,0
-1.9372148152151043,-1.108111287922792,-0.7375009588050773,1,0,0
0.6260968509875506,-9.471217313738874,-2.3712404164838232,1,0,0
-0.10670262533497188,-3.128552991058695,-1.040441703560449,1,0,0
-0.8795450891246259,-0.9804569759872164,0.505343037488892,1,0,0
0.5364674028069066,-3.847856880992011,-1.9407016554722334,1,0,0
2.354882969623315,7.939043404463296,3.892464388190842,1,0,0
1.0943389863372204,2.3911365922942966,0.7213902956853872,1,0,0
0.30976909250366036,5.00367086765532,-0.5606555845638991,1,0,0
-0.8416434214870718,-0.0037070726592844383,-0.6683090441799434,1,0,0
0.6869042988726715,-8.488685208886942,-5.413841717538094,1,0,0
-3.7403553842679034,-8.192235348831728,-3.1194946613418293,1,0,0
-1.5373484988523143,-2.3608472808636813,0.21819089242979706,1,0,0
2.889398915132036,6.9338653409702795,2.561985670509041,1,0,0
-1.016261877425523,-4.010433300335731,-2.0976403326225386,1,0,0
-1.039162732920096,-5.060027852309789,-1.1307480296625796,1,0,0
2.129427348573394,-1.2711519037609436,-0.6902283061184793,1,0,0
1.4322998639368243,3.620015641757889,2.9388449284095537,1,0,0
-0.08272397773770876,-1.0872765418787957,-0.7838682039265227,1,0,0
-0.02709434239200137,-6.437471480006544,-2.3262228101891322,1,0,0
1.6378269506061618,4.031033842656638,0.7233056444339786,1,0,0
0.2203750342099554,5.059642440868216,3.9491473526061767,1,0,0
-2.2587248341656,-5.618613768088762,-1.7034563529801563,1,0,0
-0.7489914511073514,-0.9237024446025575,-0.7976407451538785,1,0,0
-1.3821542734134131,-1.2094226446439595,0.03682590692485864,1,0,0
-0.9257903175986413,-1.5994936170677618,-0.09552308737083348,1,0,0
-1.8014331099545935,2.59799976226864,1.5806251409173033,1,0,0
-0.21172737255071394,-2.859531199395909,-0.6674907856513828,1,0,0
-1.1202274110282449,-8.433935413217869,-3.5162294306331723,1,0,0
-1.8153967432597378,0.8475475666931668,1.7667858200587774,1,0,0
1.1418434670797062,2.2866295120751152,-0.6745815702609562,1,0,0
-0.27313873049318027,-1.1387416562604016,0.8028524673572444,1,0,0
-1.670645177783919,-5.313698404642209,-1.1256678452786828,1,0,0
0.9732457825445077,1.4911500679591168,1.075588251013273,1,0,0
1.9052411899643835,10.316555705834734,4.554294993914651,1,0,0
0.22167028317520487,-1.0999741420134819,0.017599379269953457,1,0,0
0.6346980770157538,-2.0397670565355783,-2.5188671997142995,1,0,0
0.2329726320798211,-4.8029324499061685,-1.5977057070991079,1,0,0
-0.15018062918708175,3.258607646724268,1.0561329184138366,1,0,0
-1.087350756977654,-1.974428710002544,-2.112412740249802,1,0,0
1.5440573334761343,3.944254910247028,2.010731376693346,1,0,0
-0.12071860364946374,-2.575921244913098,-2.3478128085397776,1,0,0
0.1400188901561425,-1.676643474927211,-0.6603155877887742,1,0,0
0.49516502277623375,-4.664322253390432,-3.2727999039959013,1,0,0
-1.0055390593558504,-2.4631419886164405,-0.3838968398959118,1,0,0
0.658366201776133,1.2806521213977673,-0.7586176892647521,1,0,0
0.6414855443378091,1.7612676884604803,-2.141052307517739,1,0,0
0.20677363277278504,-3.2329999466756343,-0.009275836435380908,1,0,0
0.6313897428422991,2.536260408896778,1.0263161023546175,1,0,0
0.04011295670036774,1.8838755386121582,-0.29460122401397054,1,0,0
-0.5446172551462698,-2.1976962652847485,-1.8732620239961872,1,0,0
1.3292336454652665,10.368967501342613,6.846615150955518,1,0,0
-0.8964634445367677,-4.156396414124901,-2.7188344408719196,1,0,0
-1.1915665748714668,-4.0361919384060005,-2.1283389264442274,1,0,0
-0.1075962637338943,-3.4603670790496177,-0.6908645137936373,1,0,0
1.7336167203503638,6.681107593284825,2.8922378996910014,1,0,0
0.340013892219051,-6.8665206885686425,-2.9682371055909598,1,0,0
1.9880602920508426,8.105499283775945,2.2956673142608306,1,0,0
0.6448108721892793,5.237996496116778,-0.6697358857927757,1,0,0
1.1927210580537428,-0.6010380991358979,0.5912224668861298,1,0,0
1.5413706819048878,3.7274192306467757,-0.40638654575220895,1,0,0
1.1257060669152192,1.56717451007134,1.4267315479603664,1,0,0
0.2455492906520294,-1.786670473385523,-0.5376028128971867,1,0,0
0.5821947210126713,-2.758672942159888,-1.5508831560371423,1,0,0
-2.0063679648633648,-7.480850148684523,-2.8707415568971464,1,0,0
0.2966676796452633,3.4276779702800613,1.3031430899490268,1,0,0
-1.1957428444885743,-1.6405997906681613,-1.5361874537041094,1,0,0
0.03879784945809623,0.4868931718321105,-0.09741707664252569,1,0,0
-2.049812716652454,-0.6103133460589152,-1.648946664312545,1,0,0
-1.453521204073195,-4.5729024221048,-1.6262268108708666,1,0,0
0.8573079083223946,5.84352225187955,2.0049279410561516,1,0,0
1.1183227714020407,-0.49780191582182165,-0.13459996004010386,1,0,0
-0.8725816358966905,-2.137408788204724,0.3001309230396121,1,0,0
-0.16801618113444855,-2.018415645210462,1.0812151425041279,1,0,0
3.4546405532642357,2.1331087543518343,-0.19222971321159255,1,0,0
0.1799926274022392,5.5724163622713565,1.3696657688048222,1,0,0
2.6791852068633686,9.06731482055693,3.663470129695903,1,0,0
0.6454699557469361,5.893093757127067,1.687953245131866,1,0,0
-1.4281624640790378,-3.35225843152329,-1.5543093403070558,1,0,0
0.5163112056795834,-3.8909857521538727,-1.3049767765658205,1,0,0
-1.5123116270635495,-1.2793713444186705,1.253366726808826,1,0,0
-0.9828927378949439,-2.5643892444133423,-0.976587428167855,1,0,0
-0.5843695853475499,0.07635678649697097,0.5335457655609396,1,0,0
0.6962403648284949,4.851814535185292,2.0115879620852932,1,0,0
0.8098657474754878,3.91158069054042,1.501373295856472,1,0,0
-1.0404762501879083,-2.3554816807592824,-1.2404993411979381,1,0,0
1.3511749574808638,0.2759157655219829,-0.7172005678970675,1,0,0
0.7109829022091176,3.574320561970826,2.469313879465399,1,0,0
-0.46253183670994347,-1.8913542532208327,-2.023908038121473,1,0,0
0.9425099923862379,-1.0989282604759478,0.7737517223010941,0,1,0
-5.2455022002302085,-0.513284433053286,-6.4535833340173925,0,1,0
-4.38254499427979,-0.15217086898473253,-4.875009134278426,0,1,0
-0.8913080447727981,1.770526521808924,-4.058437878024732,0,1,0
3.156110968854957,2.849601639960179,2.5989987014354905,0,1,0
1.1122346177793099,-0.9577787926572736,1.6222795908066716,0,1,0
0.4366723653804655,1.2437339561620577,0.9525426419592586,0,1,0
-1.8132921941373175,-0.449214097966825,-4.2132033014912365,0,1,0
0.8526724177534635,0.5783412908038088,-0.807810247043516,0,1,0
-2.459893646299064,-1.6578962403456847,-5.304289245407441,0,1,0
-7.392500411246925,-3.7476134592099424,-9.531023062780527,0,1,0
4.138063141283698,1.9615205437625016,6.894484224567331,0,1,0
4.905967093942556,2.027019836208834,8.713784959728079,0,1,0
2.261917836930802,2.913918212022089,2.6451642721475124,0,1,0
-0.933801206393854,-0.7694748917659425,-0.6368826219560147,0,1,0
-0.5262484119627574,-1.3522658953588593,-0.7650982785423261,0,1,0
-5.641168901866447,-1.259188109847532,-7.6438745551336895,0,1,0
-6.195251667344758,-1.4572789626465412,-6.03965520290485,0,1,0
-4.9586157929155075,-0.8665308293813919,-4.788981820616423,0,1,0
-2.3410186165505826,-0.3994712221246236,-2.8626031426628846,0,1,0
4.102296380551414,-0.13390379135692,3.5981947159948673,0,1,0
3.510892630952508,-0.46133334891475875,4.658712181559617,0,1,0
4.849650017679885,1.07211823560311,6.356760333582711,0,1,0
6.866867162456547,0.5900719012983089,4.084086478338474,0,1,0
-1.868150983819179,0.26231087226858285,0.30376491960712515,0,1,0
3.1296936186576203,0.604515428727502,2.1905745964746757,0,1,0
-4.042837493581363,-1.2645942000771009,-4.699264744971474,0,1,0
-4.195931738540024,-1.1336952202600419,-3.9915101532463324,0,1,0
3.455034759000344,0.13665090843551586,6.746620409719213,0,1,0
-3.4761546867185658,-0.2813166664253962,-4.477345269630285,0,1,0
-1.4779704179311108,-0.16305974341421153,-1.732772963588601,0,1,0
8.096932609419698,1.7303166304684081,6.827010164446012,0,1,0
-1.4495337407919144,-1.235366162205685,-1.602966157979778,0,1,0
1.1585267149255516,2.057235072646011,2.589297001702533,0,1,0
-2.734059922715524,-0.5222880407193214,-5.884709882529223,0,1,0
4.833934515678575,-0.13704489325259717,3.1407061672642675,0,1,0
-0.6452640078076987,-0.07942557222948801,-1.531961596215731,0,1,0
-5.028150386107142,-2.1895476377980474,-8.220157731791021,0,1,0
3.9442621821240813,1.9726707310458753,5.610290675488375,0,1,0
3.164452642642736,0.7871729368749192,3.229082759180311,0,1,0
1.5154747219375218,0.9583651016791749,2.538668031626027,0,1,0
-5.189617464958341,0.16731089446181235,-4.552667642710265,0,1,0
-0.9435355178750969,0.404389166366209,-1.666306962520506,0,1,0
2.370010415422904,-1.2791828511284626,2.0239481586053385,0,1,0
-1.425302850151745,0.30107383042509067,-2.739922486730791,0,1,0
6.855839532500911,1.15987686744412,11.160934208455496,0,1,0
3.5879604536830563,3.0479251791710364,6.373680501953376,0,1,0
-4.0379391771576145,-1.4737262226643748,-4.041929278501366,0,1,0
13.375765973068138,3.3390248176560333,15.807802089827618,0,1,0
-3.9808749975557127,-3.013299517425559,-7.608200407589733,0,1,0
-4.912086189410712,-1.6711486201167083,-8.95954467938177,0,1,0
-4.154003670162506,-1.707350836818355,-5.108046068227715,0,1,0
0.05540620639994204,0.2777772423532797,-0.6374944482741642,0,1,0
7.354463539087213,-0.2793360059634957,8.352389124743404,0,1,0
0.11269010858778639,-0.30313947777150707,1.0196685849203897,0,1,0
5.164165379850218,1.44240032017505,4.882223911930585,0,1,0
-0.1906905747952529,-0.35484691187574435,0.9229055888381112,0,1,0
-3.186499762226299,-0.1957737012702869,-5.683326486469863,0,1,0
3.7504502599608442,2.0148476076280613,5.731512157733428,0,1,0
-0.35816298669244256,1.058291531880853,-3.385393267805384,0,1,0
-1.352755351602264,0.6607643351035295,-0.09782647232242159,0,1,0
2.993436090173195,1.970005663414923,4.419621691666266,0,1,0
0.04773485785828874,-1.3776571137737128,0.5735586551172756,0,1,0
3.9912171998189145,0.28106759591593256,5.244396812593642,0,1,0
3.9967850969041834,1.855350830486523,7.5936667457719675,0,1,0
0.7698268519208569,-1.0833428226664206,-1.0271036267817428,0,1,0
-2.011168672267128,0.5322096059180095,-2.02515677419465,0,1,0
2.1682642400910828,-0.1382729764280436,0.4126161185522049,0,1,0
-1.2187320207666303,0.6248146548765527,1.5562360934639574,0,1,0
-14.442086041473377,-3.406078038179878,-20.705736759464745,0,1,0
1.9729268573648875,-0.4397700761456793,5.4907336052757065,0,1,0
1.0815353184489405,0.34077415313820925,-1.467120661616836,0,1,0
8.822622984721484,1.1995859395530182,8.469891002751682,0,1,0
-0.8842250937581027,-0.14440032220930454,-2.578380256892354,0,1,0
0.031335321902098145,0.6204746429622222,-0.02656169938600833,0,1,0
-3.043689088088785,0.25967813573625165,-3.387086773686001,0,1,0
-1.1424154732643768,-0.18900127504916453,0.887574020654174,0,1,0
6.5424657671311985,-0.26978544546903704,7.1216508022355605,0,1,0
0.0315892013982855,-0.1440115921562098,-0.5304095361474663,0,1,0
0.9794011432345335,0.48066669473171,1.9519526053523413,0,1,0
-6.57483339598229,-1.9387329575288008,-6.9463637659471145,0,1,0
0.7622433413791739,0.2695776652402313,0.8359977847521706,0,1,0
1.3546857408360617,0.5548224021005962,2.63753075763205,0,1,0
-2.9225155118549813,1.2762820699932154,-1.6080703946167998,0,1,0
5.484149207825418,0.8786538173695052,6.0090805316852745,0,1,0
7.548925891638859,-0.4786075062314128,7.3891192487997355,0,1,0
-0.20932846949033795,-0.18121615550756925,1.744899317646055,0,1,0
-0.7765447968919404,-1.268224303651832,0.6827647485001377,0,1,0
-4.442282421055497,0.538038027757017,-3.8169699259011476,0,1,0
-2.7211710666177717,-1.2121215858111476,-3.2620517653064263,0,1,0
1.657063374916998,0.1725905691636477,2.5371860844642646,0,1,0
1.218750311213868,2.1752546899268057,1.2120807080276745,0,1,0
6.889472563599691,2.5571099362260123,7.035265694491502,0,1,0
3.6691327271833707,-0.49043257295749987,4.496926382320147,0,1,0
4.204769720055872,0.5156012060619519,4.973297163519352,0,1,0
-4.456712170149116,0.5086019448290846,-3.5141697896826902,0,1,0
6.148036496316371,0.39323119384977423,8.098586482682716,0,1,0
-9.15542096428489,-3.7099801612709213,-8.69228835126601,0,1,0
-5.848235022328167,1.1863506464770734,-7.405111162786138,0,1,0
-4.488274528227136,0.6259915297681635,-6.536770788846759,0,1,0
-0.7040395599720651,0.7929901117361826,-1.7158820122210467,0,1,0
-2.0647261016173584,-0.7777783198961071,-2.9790592448186244,0,1,0
4.695526000899499,1.4494884106108037,5.892721501567479,0,1,0
4.9809555020604295,1.3830520759535156,4.44169888559191,0,1,0
0.6720633012956955,-0.31009484517482433,1.7686897020734336,0,1,0
-3.2523775726451296,-0.4577626072559072,-6.262530923774737,0,1,0
-2.7347953486307,0.4737617298110516,-5.162182292198633,0,1,0
-6.592042615589929,-2.7150584060745118,-10.087071750698998,0,1,0
-0.7142676470333399,-0.5269771761555112,-3.61012142899184,0,1,0
1.9505180494872922,-1.8306260648829724,2.2832735141263165,0,1,0
7.270968285926371,3.208681462267846,9.729011082247611,0,1,0
-4.830002694097169,-2.172538681990416,-5.521518090193423,0,1,0
-0.132278794267976,0.14489137140020814,1.5959829677601411,0,1,0
-4.949899255269752,-1.6047077709118687,-4.724779338391099,0,1,0
-2.979450211554126,-0.30210348626804306,-4.954634017032741,0,1,0
0.8605770297720635,1.0276671952165277,2.1985590729262983,0,1,0
-3.8137152451162137,0.5825872634841122,-4.565248949437862,0,1,0
3.5978449208115775,1.7636015557430846,6.562356520209194,0,1,0
-2.08564623445253,1.91010259105747,-0.08948864090135134,0,1,0
5.983883227007033,1.6014163588231811,10.145213676762552,0,1,0
-6.252441072824725,-2.366219549475283,-6.649764534729311,0,1,0
0.8627127896807981,-1.6147889449151722,3.6535256298174437,0,1,0
4.752141122137466,1.9735195955584688,5.891125249720607,0,1,0
3.03716678797105,1.8044958424806876,0.5862717995700666,0,1,0
-2.923197166377855,0.2199874443297608,-2.146688909538764,0,1,0
-4.880970337522643,-0.8780469249828787,-7.867227232030296,0,1,0
-8.356783990157215,-1.5427631474693362,-7.485665891740922,0,1,0
-0.5596543340862078,1.7325263326861662,0.678212721948549,0,1,0
-0.31622511597769315,0.36225372565667197,-1.8672652284490296,0,1,0
-3.9646782834270478,-1.4720291372156395,-3.6073158701066856,0,1,0
3.7678464584654674,0.19022891279378107,3.247161157642682,0,1,0
-0.7164019455389375,0.3340350897016844,-2.1399143161396115,0,1,0
1.115181812817953,-1.1896705984642006,4.008897378494721,0,1,0
-3.0383499625855275,0.13623493788364394,-1.9549566181638245,0,1,0
4.688194697018822,1.2503356317794951,4.925401304529069,0,1,0
4.502758946613285,2.3596812994369514,5.790611105546304,0,1,0
-4.446033743033712,-2.0147862588739534,-4.322880156558701,0,1,0
-4.63160215103232,-0.15621616060042576,-2.889786816774233,0,1,0
3.7664102763280556,2.721124016837317,4.602234538900413,0,1,0
5.585762382161909,0.7148122381100104,6.757021580300405,0,1,0
9.900508528474312,3.2717677076291505,13.563534595727921,0,1,0
-0.9543783505878396,-1.308107184435096,-2.582962425247007,0,1,0
-2.3293707270209563,-2.675629684280991,-5.056432126411019,0,1,0
0.14433608504960116,-1.9491792164882948e-4,2.3787662602804485,0,1,0
-3.502702653503299,-0.8012687470842765,-3.3228947234018036,0,1,0
-6.7991266582295395,-2.486203493461981,-8.43296418909919,0,1,0
-2.051184031285611,0.06081788509639585,-2.371178852036025,0,1,0
-2.88598627549156,-0.015816973824703998,-4.897737905706607,0,1,0
-0.7541904663186767,-1.675016476265232,-3.2121749950343106,0,1,0
4.679865401843035,-2.2043006010699866,3.2211790857517055,0,1,0
-2.3071783659761396,-0.026190074406304192,-3.1793749622447822,0,1,0
-3.50913374530616,-0.4126490713575113,-9.38304343596727,0,1,0
-4.286964653773185,-1.2444722647093598,-3.7670362672119047,0,1,0
-3.1571031218771646,-1.826397975760309,-4.5356217868774555,0,1,0
6.879123123100397,1.0309453376753202,6.703682502864193,0,1,0
-1.8410728669651524,-0.32797509271153436,-1.9107614549397949,0,1,0
1.3568594041878825,-0.8083919780735325,3.3324534867800684,0,1,0
0.6112172963851339,-0.40431351343118865,0.339927981586009,0,1,0
-0.7498246641326104,-0.7819133000532978,-2.133483053837592,0,1,0
-6.47995001848073,-2.302532664302226,-7.825727941553907,0,1,0
-8.790948728743913,-3.907307878636173,-10.196729305927462,0,1,0
-4.924991174460001,1.0594050395317627,-6.349852946411054,0,1,0
1.7081931646267094,-0.8626254722740994,1.9765372244873767,0,1,0
1.7348590472482766,0.10693915572325818,4.763643268655431,0,1,0
-0.036735627502726687,0.6535348034528439,0.1737006132458523,0,1,0
0.8714858214287665,0.3135196941311813,0.5149087435493238,0,1,0
1.0501131371136687,0.9822433059007022,0.7148321203452932,0,1,0
0.4583857407593588,-0.2991147671625687,1.8195824588907845,0,1,0
6.939187948157862,1.2491363223430445,7.61378135406109,0,1,0
-2.6237204116193293,-1.0514145936189174,-4.380466703486086,0,1,0
1.5006747779692544,0.8576793553508906,-0.2703923033864596,0,1,0
-7.560690795687899,-2.970064502196671,-8.243867918183138,0,1,0
-6.942894761643231,-2.3401491477499587,-11.251477373222128,0,1,0
-1.7569218747733957,0.02225956016132391,-0.5802965134716329,0,1,0
2.553207880037951,-0.4010443523854443,2.479370502890172,0,1,0
-4.662080169064924,-0.7953401030134607,-6.370125185679265,0,1,0
1.6660435936616886,1.7063287924623238,3.5055304007192043,0,1,0
-5.948406277415537,-1.9541772037472562,-8.511449074780396,0,1,0
-0.5530215454616207,0.04095816721548928,-5.852119450988398,0,1,0
0.750738614553241,0.839605981950297,0.9846902037350886,0,1,0
4.02365545625295,0.2041290978059931,1.5741569208446171,0,1,0
-0.5959296516018349,1.0004387317713894,0.9007373218841694,0,1,0
2.986644078523377,1.4028138194045372,6.6762521045952665,0,1,0
0.6261272743853461,-0.08029335581937846,0.021157900555913073,0,1,0
1.7939420988697488,0.5418492928580937,1.2711325333868757,0,1,0
1.4919216191343025,-0.2561517967268335,1.2994939040736673,0,1,0
1.0462526435955888,0.802027034933366,2.015920597621455,0,1,0
-5.908081863476799,-1.0017827580636902,-6.327629020828552,0,1,0
-1.7849055480211575,0.3494612565785622,-5.982776243332865,0,1,0
-3.884077760347116,-0.41876213028070436,-5.867062248226031,0,1,0
1.0692071629824067,0.5177445007372543,-0.42701065346445943,0,1,0
1.6144373013218216,0.9316629610584534,0.9061027459378878,0,1,0
-3.043979219401446,-2.6806482526831967,-1.7943493994305033,0,1,0
-0.5402279987227838,-0.8487473720882444,-2.5590892609174096,0,1,0
-0.4909162175154429,-2.081589765043614,-4.096182513669857,0,1,0
2.9092676511417874,0.3788038770842643,4.367995330244378,0,1,0
1.9501057753111368,1.3458092870378766,-0.17794035807669975,0,1,0
3.5500422325386007,0.7396517374379444,1.915837194293535,0,1,0
-3.52920402852673,-0.4087197791185062,-4.941999989777408,0,1,0
-4.783115020412017,-0.7159979728196906,-3.085154412924055,0,1,0
-3.499120796137589,-1.721489864171382,-3.00846810963971,0,1,0
-0.17880548474135183,-1.7589318416780941,-2.773243317161645,0,1,0
1.2672114842118587,1.0480097536209794,-0.11971961557349889,0,1,0
6.835586291644692,2.053931293662578,6.835894400660984,0,1,0
1.7741211764540687,1.0520764600810362,4.102809055143316,0,1,0
-2.0483191444747515,-0.855933007822322,-3.743618220829429,0,1,0
0.9991273663792585,-0.19761819615761134,-1.4760545011978436,0,1,0
-1.4329653267389406,-0.19271092565872816,-3.0814243401824086,0,1,0
-3.1903846062720174,0.13827201540687506,-2.7784887280729937,0,1,0
2.388774411332511,0.0921343468181246,6.080559408061165,0,1,0
4.851151078729046,-0.6151072139633731,7.623113493264583,0,1,0
1.0955415556274966,0.4673591610224401,0.7912504903916594,0,1,0
-1.310590605907578,-0.7939654065217934,-0.6102229139492233,0,1,0
4.829456985910744,0.37415433690345345,3.5087100266600686,0,1,0
-3.200184732924715,-0.8645740553708792,-2.7741339790238073,0,1,0
-1.8952304686386698,0.42033441107184766,-3.332883734656565,0,1,0
-2.2901140605981323,-0.7618229363569216,-1.8985934888353315,0,1,0
0.9539302504853362,0.42082195198662464,-0.4287678256038606,0,1,0
1.3960542276480974,0.2664550679831115,3.7317179901512594,0,1,0
5.316881874234752,0.1983843355575871,6.973588494985819,0,1,0
-2.5615914035823857,-2.7374162559929056,-4.787251288365553,0,1,0
-3.562788132645718,-3.020230604352655,-5.19449216828034,0,1,0
-2.0073769942412594,-1.8143104862201325,-1.5694694037621757,0,1,0
0.17093520878627944,0.3195899310378836,1.3604753078552583,0,1,0
3.0020573857050565,-0.24015162345335467,3.6177070189282077,0,1,0
6.053400254910119,1.3616119491728358,5.481586610074101,0,1,0
0.054363505705018855,0.9167559420523846,-1.8012390044779174,0,1,0
-0.4868765548978926,0.3841244085565658,-0.3326012277879899,0,1,0
-5.3534872159638995,-1.3880741148485918,-6.345129433717606,0,1,0
-5.13247757440726,-2.001797831718992,-10.191685881422421,0,1,0
-5.815676470759789,-1.4306374336217589,-7.50444776180925,0,1,0
-5.9565692914268675,-1.6651639318017466,-7.454680848541226,0,1,0
3.133924936445453,0.2680639541808714,6.4980689207974445,0,1,0
0.8383270767575695,-0.8805871330795861,-1.0663442530469274,0,1,0
2.066646609023764,1.7015243763538208,2.9745195277059837,0,1,0
0.9577391196535858,-1.3299130650841047,2.992295675016388,0,1,0
-2.6421981124338068,0.6095331857636954,-2.697950030749589,0,1,0
-1.846185916188772,-0.46675190630137053,-2.2673940037647866,0,1,0
0.21115660379607232,0.534695400654117,-0.7966447177640771,0,1,0
-0.9532013981313257,-0.41055882945720035,0.6135738226919283,0,1,0
1.7904744051173944,0.24896482731259467,1.0173434809311122,0,1,0
-1.1148394238258243,0.5190611205577038,-0.40688580299200255,0,1,0
-0.4005950336453901,-2.1183934274595373,4.064370799306227,0,1,0
-0.022505598960530282,-1.1745278754608195,-2.7835273876074575,0,1,0
5.091626633182583,0.7924936183301585,4.309773595228742,0,1,0
-2.587119514823704,-1.666481478929045,-6.180767516775007,0,1,0
-5.137967354202768,-0.7897343978466429,-6.076134792901332,0,1,0
1.0045379984848308,-0.03637127648520716,0.35299011252259005,0,1,0
-3.8451449771196424,-3.123002722138679,-3.2750502307173206,0,1,0
6.749769110981083,3.5099793096052307,9.21293590219511,0,1,0
-7.717428191409056,-2.482755786823015,-6.350759946501126,0,1,0
-7.486875659226895,-1.1183969300787355,-8.034258683590526,0,1,0
0.9377617225386449,0.5357145757768504,2.4741942960971683,0,1,0
2.7616432494488103,1.4853672555734185,1.19548148409794,0,1,0
-2.689416686457786,-0.9620895640464773,-4.0543081309221405,0,1,0
-7.50450732081597,-3.006323302693815,-11.229934038007267,0,1,0
3.9196275044581474,2.596259390654789,5.6649655719564915,0,1,0
2.7310427414506613,0.413416067258634,3.619921231857641,0,1,0
3.5631700732287106,0.9052009905519416,4.4475545066368936,0,1,0
0.8070626673149667,1.1292339402606058,3.3295345343323324,0,1,0
-1.2891439256492785,-1.2358060742864365,-2.9909507952796526,0,1,0
2.5668395275911626,2.0747845692912015,2.801303438270911,0,1,0
3.5391775801675887,-0.7778199386059786,2.8397361242133163,0,1,0
3.3936791445256347,1.1175767755409196,0.9786880241173466,0,1,0
8.064642972557706,1.4679508584587748,5.907342143476672,0,1,0
-4.246150147893305,0.19559373995629348,-2.0465644885619336,0,1,0
-0.9343118520073107,-0.7370508108874361,-2.2369960742246104,0,1,0
3.557977891257912,1.4669892887928566,3.7896410821472126,0,1,0
-2.4377614675774018,-1.7899379760245342,-2.9040060274525112,0,1,0
-0.5777649301210703,0.7697239908331555,-2.7435220213844356,0,1,0
3.450141942498188,1.258309144315489,4.1296165519130925,0,1,0
-3.2621737287596253,0.046144056587748956,-5.760132729476457,0,1,0
-4.0371062168922975,0.024500256537047793,-2.0853089448818842,0,1,0
5.404738532671924,2.705668048556,7.489369793759709,0,1,0
-1.297440883037747,-0.8017475769135565,0.3650560515715722,0,1,0
4.451071882324642,0.7225409256331933,2.5777866082500633,0,1,0
6.449604629252533,2.934522904126732,5.166769825100054,0,1,0
-2.9786836400407846,-2.8057043940352777,-4.7206788969503855,0,1,0
-2.601265707523048,-0.3182762644002969,-3.304238049078658,0,1,0
-7.559207159935326,-2.441784358170115,-8.04901696862767,0,1,0
-4.90693854372781,-0.5061526310696153,-3.859554146609806,0,1,0
5.7288512629525625,1.0669087864354334,5.992011254618917,0,1,0
1.0329767504381473,1.7407607478385636,-1.7295215547728306,0,1,0
-3.7652205295183165,-0.7904409137841457,-4.802476241414726,0,1,0
0.21513668382926476,0.9933672294920812,2.7617763716312886,0,1,0
3.173077965785958,1.5605316403202436,5.915744503065661,0,1,0
-3.626328381091542,-0.6562579570273809,-6.496079794875483,0,1,0
3.690609413319249,1.0410533914048943,4.106338781565618,0,1,0
-2.5152125152990243,-1.511105233095576,-0.9746378141098039,0,1,0
2.3038756894309866,0.2748510623205048,1.1971313047244052,0,1,0
-4.338939593096324,-0.7314037091215423,-5.5575455486461705,0,1,0
-1.536389802069121,-1.9902387209237165,-6.629014710437672,0,1,0
-5.060601903606053,-1.330968475985562,-4.051014439669057,0,1,0
-5.309745817463224,-0.5771990591397993,-5.988108105830236,0,1,0
-7.44328322842988,-0.5480373218519722,-9.013009570474319,0,1,0
4.569136941647481,-0.26946687769556155,4.2709689546839575,0,1,0
-2.3708042917534042,-1.3951049290778814,-2.387881469871529,0,1,0
1.719481921201089,0.5187789907465936,0.9198203546754418,0,1,0
1.389562635901799,-0.7207946502809881,0.1689718591417092,0,1,0
0.5928157270268708,-0.33815797419755744,1.7579766571129318,0,1,0
5.597140307150163,3.595725436299861,6.336759584147665,0,0,1
-0.7305495450852101,0.6470170375134519,0.5311875289669117,0,0,1
-0.9814289129426085,0.19020082750229605,-2.0875090770132445,0,0,1
3.126129750993623,2.9565139466370187,1.7290218343886063,0,0,1
1.0328111307435792,2.8549025410661564,0.8707401653822315,0,0,1
6.762533346531765,3.1286682648481015,9.372716794497741,0,0,1
-4.675502535624951,-2.477183501506337,-4.038595836994089,0,0,1
-1.905908340220651,-0.698389127437472,-2.6337818546167577,0,0,1
3.025288515233373,2.211232059037575,3.6296265451357916,0,0,1
-3.8049085613884923,0.20900391652708739,-1.9738401598537303,0,0,1
0.5699243297240492,1.4765942733905528,0.017813594391206958,0,0,1
1.1630216052901823,1.7276622764960667,2.3316063534822993,0,0,1
1.3359263767466532,-0.7208231097433643,2.3485041605432975,0,0,1
-1.3462888995201696,-1.2303052874664233,-1.3813265956936251,0,0,1
-0.6222100269833504,-1.8467450010875546,0.9914487919478521,0,0,1
0.5762128074350511,-0.8191416120736383,1.1085803755698436,0,0,1
-0.13858692253742877,-1.6625546229069719,-4.447446650134857,0,0,1
-5.9087926053915005,-4.295151594464789,-8.099638196006975,0,0,1
-0.9408889789446315,-1.6313476242408065,-1.3758707062569062,0,0,1
-3.0285072698816675,-3.6280500615837235,-5.59699056868797,0,0,1
-0.7223474966569641,1.2884375545637072,0.7722269570059703,0,0,1
-1.1867042138287398,-3.911561242822235,-3.0865021835265267,0,0,1
-4.188154958066863,-2.0641322828790525,-2.9740173320711736,0,0,1
-0.18110248518107008,1.2854862753799328,0.3825810947524863,0,0,1
0.883214817672559,1.8819625071928725,2.9309200117521854,0,0,1
1.5878767110415397,1.3697791284053293,1.4662114312606696,0,0,1
5.178105882751004,3.5434208308794544,6.565146197049833,0,0,1
3.606769859902343,0.8047209878463407,3.036166879526986,0,0,1
1.9219387011936409,0.7991669231142519,2.771730413516894,0,0,1
-1.1122913821316716,-2.3646057248076815,-0.6776412214599178,0,0,1
-0.7319877858436502,-0.017342456042511334,-0.8130046080906104,0,0,1
1.0256968112294078,-0.14473252573219597,2.1178407525728082,0,0,1
-3.7703947765110875,-3.5791320248391827,-2.5030805546440806,0,0,1
-1.8769113473786831,-0.5229041021828945,-1.6170839419731988,0,0,1
-0.4043810700417007,0.2871750549895261,1.4500212023575632,0,0,1
2.8525012944536385,3.0947579869527795,4.655095316897936,0,0,1
2.161750045204422,4.418901561804079,2.6749839869824497,0,0,1
5.003565267745945,1.7537711486181342,5.553388040545025,0,0,1
-1.4597143182736114,-0.595279210090147,-0.9359636982251548,0,0,1
-0.09195766937457317,-0.847558995616739,-3.439849349265244,0,0,1
0.3048464505151249,-1.0432452457030568,1.1483689774243762,0,0,1
-1.5655193819743771,-2.526167668208405,-0.9178013945357733,0,0,1
2.110653360349697,1.3652898777358113,0.4315767755672791,0,0,1
0.30117923890920056,-0.045475750263180625,2.124437586737879,0,0,1
-0.8388981124321043,1.028366484907021,0.18691801673950978,0,0,1
-1.0761526966502297,-1.6033145494818837,-0.16608583899797094,0,0,1
1.69765851423774,2.9872721247310716,3.672411602887709,0,0,1
-0.7668336141221135,-1.0889971290006601,-0.8305245285423338,0,0,1
1.5082247900136792,1.0035504235733244,3.2727592581414546,0,0,1
-1.7537845163799832,-0.8289130960126091,-2.3883106189885135,0,0,1
-1.6001513529966007,-4.862549349609736,-4.810290392712468,0,0,1
2.4217400227607437,3.4525626959173468,3.011252490551421,0,0,1
-0.8165313090860653,-0.46091050162073066,1.5579622670520203,0,0,1
2.114419942762054,1.677740286158493,2.472708668838034,0,0,1
5.017243218931977,2.29979745478228,4.324582231479455,0,0,1
0.8978335006027331,1.9034240520336736,0.399328259353535,0,0,1
4.179394782278164,2.7965589414600167,5.34209114967012,0,0,1
3.5635284078168223,1.7617450248218052,4.662633592693668,0,0,1
-4.212523250550701,-2.3049933540798886,-3.61962777640254,0,0,1
4.56512302710874,3.345516715873565,7.406325845764916,0,0,1
-6.092515784518439,-4.625238158554478,-9.444398545118078,0,0,1
-0.5045899758732166,1.178614598581671,-0.41404112248380487,0,0,1
1.3354563888687014,1.943811545967741,1.9417736696878918,0,0,1
0.1702400654028824,1.0961795662767135,2.238244154835138,0,0,1
2.559749818360314,3.368914767093379,5.406890394178669,0,0,1
3.696060389605706,2.554789110479279,4.086774973023213,0,0,1
2.1930255441435564,0.9076980621463964,-0.687659395291661,0,0,1
-7.254589552000642,-3.0939165024531463,-8.991991314530658,0,0,1
-5.541428853981179,-2.7377786037426324,-5.003525303854653,0,0,1
-1.7593993883746566,-2.381799132233203,-5.816574139102823,0,0,1
8.022972294155077,4.686527406289808,8.777763966101741,0,0,1
1.9115175772317898,2.6611669240202662,2.0157509437366876,0,0,1
2.3591879895003607,0.7195863667660733,0.7685607149111323,0,0,1
5.474297611488251,4.108194016795451,9.9495926709174,0,0,1
2.3691672824697365,1.9311776494978472,1.60103466818907,0,0,1
3.2636360782848275,1.049557570896713,4.165973197429493,0,0,1
1.1952095713822763,0.10211109951697239,0.28637419497707584,0,0,1
-1.4875280371546284,-2.456267105003476,-3.063915077088636,0,0,1
-1.5699290099403669,1.8919971433186766,0.2850009631222852,0,0,1
-3.383088897360457,-2.288098158232918,-4.695892202005337,0,0,1
2.0554484860541478,0.3805299597931713,1.3394979304776302,0,0,1
-1.9645679610019344,-0.5341018111266339,-4.270194326294967,0,0,1
0.7234077164191577,-0.1708126019687627,-1.0656055700932305,0,0,1
-1.43872033899089,0.6175871528676794,-2.6808141519675908,0,0,1
1.2303204982908864,0.444508789749838,1.2849993710296495,0,0,1
-5.885975536836785,-2.026977220128167,-7.170921639493661,0,0,1
-2.372894993717973,-0.5574347348718722,-1.826072972306879,0,0,1
2.754860613395,0.2150238397049632,2.0057644160368255,0,0,1
-0.5471890911993997,-1.2272337859450242,-3.2531247341796687,0,0,1
6.413076044794194,5.3234036712699035,7.521111600631611,0,0,1
-4.346463748708977,-2.3639944007981155,-5.332759361593665,0,0,1
2.3106262738148007,1.6689579540433903,2.308784540643661,0,0,1
-1.0915697738127408,-0.5274863467445331,-0.8525562600033432,0,0,1
-0.15857957020888008,-1.1648725496146963,0.08567566446991803,0,0,1
-4.845344026231238,-1.4730615311239812,-5.686404987221949,0,0,1
-4.193125833604189,-3.1643393448439343,-5.412449233831055,0,0,1
4.9664212319704095,5.532872743949068,7.68310690096231,0,0,1
0.1249124142633824,-0.24747451514358684,2.428404932848852,0,0,1
-0.6648701922372848,-1.8277594183498547,-2.1133972459230312,0,0,1
-1.6143729913390894,-1.3074229690351449,-0.9789086735199938,0,0,1
-2.3861683146991264,0.051025058787529054,-2.405799502723829,0,0,1
2.299957646590786,3.1449423328496313,3.2879409444989074,0,0,1
1.2557876636348184,1.5220611132014414,0.264598854359813,0,0,1
4.266490633292361,2.0540272908024164,3.937350603363099,0,0,1
-0.39698152008817633,1.7736522637379317,0.6037353278210047,0,0,1
-3.254680739466451,-2.4066148983145315,-3.481949269589028,0,0,1
3.4236599063298967,3.6917587295569225,7.521781728717471,0,0,1
-0.20033366019910592,-1.7618253764383565,-0.4269070883555016,0,0,1
-0.5174686719948047,0.9973272841484483,0.4601156708010979,0,0,1
-2.4804849805886864,-2.2892019491459052,-5.085709707508181,0,0,1
0.39098552104335005,-0.19049344055285955,-2.8343122314811664,0,0,1
0.5942616463083723,0.6879754017574355,1.7174379763738592,0,0,1
-0.5971566891084934,0.9482523767644467,-1.638110167953601,0,0,1
6.856821935714176,3.0967745139606055,4.148802279671406,0,0,1
-5.045104347269865,-0.36750144035076127,-5.263489753793875,0,0,1
0.8206574753604319,-0.9570989168956113,0.23564087510280668,0,0,1
3.1071639509165703,2.199520239029169,2.3998326809441863,0,0,1
0.1858334463921607,0.558970905163275,-0.9496494017907982,0,0,1
-2.4213074320758405,-0.41721357120956437,-3.1901552377116613,0,0,1
0.6477115081810734,2.6846066895638234,3.979901669106493,0,0,1
4.800046735820546,1.9512313393141532,5.8090442759726635,0,0,1
4.3712040581155165,1.7316623508864486,1.8200623945967715,0,0,1
1.6224817234246787,0.3013623617183905,0.818364856356666,0,0,1
-2.879271752695481,-2.178779014025689,-4.224696166556216,0,0,1
1.7905928719916584,-1.315756829283034,3.7176347650316446,0,0,1
1.6192336370614338,4.138582493239422,4.761026927680523,0,0,1
2.1303037780821548,1.1676611973769209,0.3824774719876758,0,0,1
2.3908832772873017,-0.23650434039383428,3.1012299537372496,0,0,1
1.731546764571321,1.0892185088273223,1.312878748386529,0,0,1
-0.2612701074296666,-1.0861668087530871,-0.9366262332498527,0,0,1
3.9381960322221574,4.09440430197934,7.142629433648149,0,0,1
-0.21678421959638175,0.5781954772975605,-1.3199316490601858,0,0,1
2.9544070674818634,2.0444021813978206,1.9075593745336312,0,0,1
-5.966750882598365,-3.9762478304387123,-7.1430905659175465,0,0,1
1.9285065895517532,0.6955040451420793,3.842055461100679,0,0,1
-3.125497301418216,0.11252221055390144,-2.6072736903049862,0,0,1
2.3087634032571236,0.5197490234035098,1.9232913359773722,0,0,1
3.2306605784834233,1.372191242096629,3.709999332015905,0,0,1
-2.999035533353189,-0.8722728025277509,-2.1897522914402785,0,0,1
7.007926547328091,5.296997948553235,6.225922189989602,0,0,1
-0.36532690547824437,1.2754280336660855,0.16839533418195218,0,0,1
1.984425509789164,1.1145326992689653,3.4725749424744965,0,0,1
-3.4444431448525834,-3.607541952800118,-4.941396351458717,0,0,1
-2.084170425090753,-1.5506408400733447,-3.8700035447810133,0,0,1
1.9577928022052165,-0.32452813424514826,1.4293078924945357,0,0,1
-0.5132501915073109,-0.19431712047056343,-0.8974711234997284,0,0,1
-1.9878109596017595,0.19494770664891414,-2.729441497533094,0,0,1
-2.0280115473175377,-2.637900968169618,-3.8919205726681025,0,0,1
1.5823517768633626,1.5786577974121592,0.9501494505461288,0,0,1
2.558233596947415,0.2911324193043664,2.55439962940654,0,0,1
2.257320432733667,1.2500934111550477,5.142827017219997,0,0,1
8.199951378538419,6.455835883204917,8.889841066088,0,0,1
1.9224194763867464,1.7930471628603837,3.801061448395899,0,0,1
2.011561324375402,0.24502792528138506,3.0976400803191826,0,0,1
-0.9257874720933865,-1.3681254379227352,0.38699933788478436,0,0,1
1.6824794208118723,-0.02437256154026246,3.120327646816409,0,0,1
-1.1959160576939147,-2.9996013230992498,-4.4124622922864525,0,0,1
-0.5068420380373915,-0.6550611830987798,-1.301383724129835,0,0,1
5.126558752816633,1.2691874625403923,5.5502144017395185,0,0,1
-0.9465491013911951,0.604330804943848,-1.413485393811429,0,0,1
2.7352545922342517,1.2585798639173427,2.9302014424279874,0,0,1
3.903740510690408,2.576740084509674,2.890471050904159,0,0,1
1.4263368590701124,0.45100527207985414,1.280090020695779,0,0,1
0.8839836397426417,-0.16385739471200705,-0.9851514786523411,0,0,1
2.3825807724180703,1.4333375990782835,2.5465744685276386,0,0,1
3.0895212718907348,2.0585149765953674,4.102203978141939,0,0,1
4.592928464965575,1.8265827321653103,6.6457597939612585,0,0,1
-4.625818598434475,-2.1738892328690445,-5.8141035559401,0,0,1
-2.488340363607972,-1.0610984400807555,-2.436097210017468,0,0,1
-0.2650355403045823,1.3587798855979478,0.03394894636010484,0,0,1
1.283954628141337,-0.2714952729273983,2.2045015641312813,0,0,1
1.382220935358145,-0.6179716222156912,0.7880319233374027,0,0,1
-1.0868820461639839,-0.25013750289706926,-0.2698647174782408,0,0,1
-0.056432689222413554,-0.28932113509759083,0.014342578672949847,0,0,1
-2.624254816879518,-0.6290209727190302,-1.4586156917964446,0,0,1
3.5140142442199815,2.3855465088295023,3.2227846598310266,0,0,1
-0.31075652582788615,-1.2258059751056507,-1.4319770122299182,0,0,1
2.553144410141705,2.576891225328133,2.7551418706880764,0,0,1
3.6241808057502327,0.739926228603861,4.139768711716389,0,0,1
2.111764363277647,1.3542216004924528,-0.9626554698610469,0,0,1
0.7403511292464922,1.0106637437884025,0.7570965343042035,0,0,1
2.1830412581193555,1.848116305712613,5.2354934356800396,0,0,1
-0.1293312386629887,-0.4659974202605257,-0.4088823424415178,0,0,1
3.05127471074516,3.0666447624456774,7.210262911286156,0,0,1
-2.977337119949568,-1.2768128798463363,-1.6526731062346032,0,0,1
2.8612328114875294,2.6958827541215276,2.4203658351632544,0,0,1
-1.3018057555223554,-1.3777793486573615,-2.970714055109679,0,0,1
-2.239288480032621,0.587248667626999,-2.1250141186000406,0,0,1
1.8443883469344433,0.5096121409819574,2.218976610304382,0,0,1
-2.605035469257021,-0.9005301642765233,-4.899214381783273,0,0,1
-0.7176583208498147,-1.3484959451246303,-3.2323755303811836,0,0,1
-1.3287259218915082,-3.547059824694179,-5.786025349199541,0,0,1
-6.912589014727578,-2.6725865910320934,-4.242880564959396,0,0,1
-1.4710190468475448,-0.7074326606292148,-1.9998095785424108,0,0,1
1.6948064172708537,-0.47874997064099384,0.9264673583832341,0,0,1
2.7738816590650766,2.473232593492416,2.808638620789463,0,0,1
0.011150371898267786,0.15541629515549232,1.0303323343462782,0,0,1
1.6861011732304196,0.20051861163300266,5.442656279425431,0,0,1
3.452193467529774,1.7560904202755203,6.732812474075358,0,0,1
-1.3680720485787112,1.1836534800699574,-1.0472506593204054,0,0,1
4.065007701885171,2.8190344639074496,2.509772057354177,0,0,1
2.33793730474319,1.071412800089491,2.8135692080199264,0,0,1
-0.21248498005796457,-0.7496380533929224,0.06977612653785023,0,0,1
-1.0137119497272151,-1.2068073892628783,-2.5402781627581756,0,0,1
0.649812094426273,0.8782290310037466,-1.0441644899613376,0,0,1
-3.2822848399194777,-1.9779048650275652,-4.513121801640433,0,0,1
-0.08364785834807431,1.7109517773179441,-0.5540043163685666,0,0,1
-0.6370724530929266,-0.9994673260070653,-3.1960279910439144,0,0,1
-1.2972378585641882,0.7260056776744676,-0.8182820934588547,0,0,1
1.8634060934507657,0.19825160640466233,4.1352130446360285,0,0,1
4.15309147993537,2.702491556300917,5.359002794352821,0,0,1
-3.7814138651509523,-1.4261851584523695,-1.3844250196768912,0,0,1
4.415433648085076,1.1698383299094812,4.642589130754262,0,0,1
-2.345413592682621,-0.6814893306575314,-5.821769209009759,0,0,1
-0.1317316329385112,-0.37939213251230663,-0.17759249376179975,0,0,1
0.9541250565861978,0.08947051377230161,3.7116060950232113,0,0,1
-5.7880911007639115,-2.9908288933479827,-5.895605434447991,0,0,1
0.7823353917889876,-0.5022268385517378,1.1047872872320605,0,0,1
-2.131818287416911,-0.5118381283041883,-1.1084809443208323,0,0,1
-6.663323902520121,-4.602597486814635,-8.73654044925299,0,0,1
2.8240553528920014,0.7299837675872708,3.268712428505353,0,0,1
1.2299936482512916,0.9832546671609741,-1.9367007061837689,0,0,1
-2.6150236376756895,-1.9805854668006488,-2.6369921073003626,0,0,1
1.2898756123873176,1.505920386868259,0.6540075137503765,0,0,1
-1.6678440146795737,-0.6714483718025807,-1.790518697723213,0,0,1
0.707540485698767,-0.42582849967194325,-0.20935447303512109,0,0,1
-3.7294986999534605,-3.40206247733835,-5.080380251786135,0,0,1
-2.6521805505336165,-2.9412502781265544,-4.313070562399867,0,0,1
-6.5225511319689895,-3.8661341695571703,-6.8414251133590245,0,0,1
-0.9713998714217928,-0.23111451920726878,-1.1350858964191,0,0,1
-6.6124072450478355,-2.6451921398530334,-6.97348485578451,0,0,1
-0.4867135539691906,-0.6675511863587847,-2.2817266897397133,0,0,1
1.9548643608634055,2.4377819398008116,2.006458744471888,0,0,1
-3.6889023963832095,-1.9800711765287546,-3.9939574678180856,0,0,1
2.890946743311788,2.705450386964612,3.0419695663675603,0,0,1
-1.9893270250477324,-2.1694531277656592,-2.9532878809714744,0,0,1
-0.6312991816178547,0.5342098043387485,1.1195264448422602,0,0,1
-2.31945428419448,-0.7437115208297648,-2.063605163642103,0,0,1
2.6646580601527416,0.8523554893079189,0.7454696630555062,0,0,1
2.3933687849019116,1.5465166365832246,3.5251742161504143,0,0,1
-1.3926647510289343,-0.8337989685265222,-0.6707326593366556,0,0,1
4.423432621123359,2.627836753192728,8.251187570783028,0,0,1
3.327761794742279,3.7211458020931123,3.2121003992209407,0,0,1
-3.8648736185084123,-2.4367307981961193,-3.474817638000547,0,0,1
3.378901284205635,1.3882136636421711,5.435079450397489,0,0,1
3.3674995981527203,2.4097582243946674,4.733666220017877,0,0,1
3.124018306303467,1.3480051342268684,3.340148916677623,0,0,1
-3.7563420988726444,-0.7934857374986855,-6.0063520811711,0,0,1
-1.693075572362605,-2.229140080408539,-2.513695585307897,0,0,1
6.027186476587309,4.3939768534774934,8.099625810811352,0,0,1
2.0323085276127344,1.3318025958324067,-0.980612017093061,0,0,1
1.5248260450836093,1.8846865030882225,4.015334963407287,0,0,1
2.126250006090099,2.4293994574355047,2.38297286870911,0,0,1
-3.441280823199913,-1.5506938623405768,-5.78854804272271,0,0,1
-4.164831902325419,-1.046158551743572,-5.639817961040036,0,0,1
-1.6490917629862343,-2.373028112305525,-1.5920101879674204,0,0,1
-2.2753730483587384,-1.141119564961162,-3.3961056880258167,0,0,1
-8.037041193523521,-5.267166323669208,-8.010557028826383,0,0,1
3.8148985466024934,2.528699653487026,4.803679212596717,0,0,1
-9.908244471947208,-7.245587397848492,-12.349269045038687,0,0,1
3.5090409772521305,2.252635978484797,3.346808513291422,0,0,1
6.840048945474074,2.5398923756339427,6.05459907163749,0,0,1
-4.167535701786469,-3.8455217740768783,-6.476657185849111,0,0,1
-6.476072865231562,-3.936288352112058,-5.423762522286768,0,0,1
-5.193976847901492,-4.412923985867163,-2.851425858017455,0,0,1
-0.2955424083262519,0.13109676718984656,-1.5352287530045834,0,0,1
-0.514392420828054,0.3604954295076877,-0.05343550078373202,0,0,1
1.6620076222314177,0.055091657634354585,2.8873075082002484,0,0,1
-4.99864382193053,-5.102612911689905,-6.840721498230798,0,0,1
-5.524708974969816,-3.6133527900975135,-10.780256599116852,0,0,1
1.25817232093119,-1.9332755198597629,-0.4071116240042659,0,0,1
-0.1320635029970591,0.40706572965225346,-0.3410224345982109,0,0,1
0.18021612228708994,-0.24314907828213123,1.4543468733866305,0,0,1
0.8567717185671995,3.5099545266939307,4.590439085919203,0,0,1
-4.795427742133456,-4.511938625692415,-8.468780486929422,0,0,1
4.069810863083357,1.709992574711427,6.223810820963558,0,0,1
-0.3066481332215769,0.17637625389078188,-2.7418647176840256,0,0,1
5.416257012894611,4.252318200999132,5.710100240783833,0,0,1
-2.8752494441089835,-0.311365445587484,-2.47620577419376,0,0,1
-5.132187131009229,-4.1402878269227115,-7.384777961456724,0,0,1
2.176321223754046,1.5593756488077923,1.8042424654964768,0,0,1
1.6213892765646751,2.3089997771645647,1.7660830382854147,0,0,1
-5.217857110553591,-4.111836552990456,-5.327293357509811,0,0,1
0.5210038081151555,1.7324994971752288,0.9943349125116187,0,0,1
0.747502405009338,2.4350565826471784,2.142743103413393,0,0,1
-2.7073138014645037,-3.264225457108805,-3.194041031638992,0,0,1
1.0244838854395983,1.3140471708061268,0.02706699006153941,0,0,1
0.721765612078596,2.012463847489335,2.5862581603348436,0,0,1
1.9553709972345212,0.2591483717775901,1.9897654071658382,0,0,1
3.302229305593559,0.805994237983383,2.473649746797485,0,0,1
2.5097793081266278,2.9650719104749412,1.4730551869595754,0,0,1
-0.19854203790294256,-1.595722834043094,0.31069775859630555,0,0,1
0.6889499390328424,0.7685951110575383,0.4349829652505157,0,0,1
4.620124619368513,1.2568036127901336,4.44773981135616,0,0,1
0.9072585946641074,1.2181840823021346,-0.004850967259240557,0,0,1
-0.8656513855345287,1.4510674435980058,-0.6878037918251192,0,0,1
-4.902331684924307,-1.5568372207343795,-5.804635592329947,0,0,1
3.3309380320094757,3.627595185209119,3.4857516762177654,0,0,1
5.108740262430161,4.2947513002710895,4.62429428557771,0,0,1
-2.5481538785387134,-1.584345372801541,-4.162551795464058,0,0,1
