x_1_1,x_1_2,x_1_3,x_2_1,x_2_2,x_2_3,x_3_1,x_3_2,x_3_3
-0.09576831340336289,-1.8258324218681083,1.0838279367999377,0.3157483955031708,-2.3416215417380997,0.8386237352226412,-0.5137315290846711,-0.28326880947422006,0.8070087406004902
0.03224181885282995,1.8660782770113118,2.6815349103063255,0.9130348803945016,0.5407517015669226,0.4924022135945769,3.5586211999466704,-0.09881056232651342,2.6571805291071677
0.558375354689925,0.4182321183087516,1.1368457442770745,-0.5645652571504418,0.28557541311800366,0.47676630681477816,2.7485103993452373,-0.11757605305862562,0.6089827120726977
-0.9315098457324882,0.23332897135694536,0.03231239993323254,1.5063665554992411,1.8327973651862874,1.8925722919956653,1.3044096014645241,-3.279241610174104,-0.8756194985264673
0.9780163054196555,1.61961766866187,0.6205019973548637,0.7179107864484402,-1.8183504442501945,0.5716888203269505,1.6341629912912423,-0.34866555116318276,2.6481331732172477
2.2558976335484537,-0.5867710589452788,0.44501874015701737,0.7842410348413901,-1.2669400230666628,0.5195299159999677,0.4554001733458884,0.191703941325908,1.047108740368929
1.0705878238360467,0.5635180892173092,0.9746155832547119,-0.6488539392633081,-1.2354835713442835,1.6779508999682502,-0.0929818981452667,-0.14591991089127154,1.3066033734592268
0.6335659406152347,0.7746470739940029,2.171475910980434,1.7703970472715502,0.04384842563786123,-0.18525392642477134,0.30904673373623737,0.3898307841399111,2.12623498438395
0.9608888850493305,-1.0290697823969017,1.190507311535936,0.10406081408495615,-0.20458210255991044,0.23643651250677988,1.4873668137684002,-0.885080601945107,1.3006391962571329
0.2850191564826743,0.7342692100390444,1.5743993743711,-0.21303863698118153,1.1482224125146705,1.9401173217456527,2.4117791132322575,0.3690333035482889,1.229942920823152
-1.1249620862522733,1.3416788205363832,2.1008529582264437,2.282011506302033,1.265229526416903,0.31918565563165047,-0.5245486083772053,1.3213240688398187,1.0510676455137276
1.7870605939921924,0.11726124858029086,0.24367491812736652,-0.3482488102933534,0.3520177484583309,-0.5174862808520967,0.3109636137936318,0.5908410465144815,-1.3639992116440918
0.6414102866842577,2.4414458819292983,2.9168847239775277,1.2276407761230799,2.043514308459514,1.2417264223153879,1.0789493755967352,0.2763440720411298,3.145819933496193
2.909325888529978,0.8674912229738548,1.1578236889688027,0.342279320716931,0.7317773913609317,-0.8239032887349814,1.38667188618266,0.3644510923228844,1.195935429094862
0.9226435204414731,-0.2909210686935454,0.3967896960337062,-0.17562564880072762,-0.03828973469398478,0.3174906432813597,0.6408101763984193,0.13357715651234076,-0.21171090114652713
1.6815211994070147,-0.044229459801779114,0.7108494972272306,0.7243790359187396,0.2751308060018883,0.6091886140192296,2.2851830042926906,-1.1539654576920804,1.490412651818813
-0.5398331359589714,0.6376592118563267,0.3864520024727322,-0.2849705200451109,1.1879473192900807,2.219190094998559,0.08776385240520745,2.1220927768002866,2.49548304315292
0.20015051257902794,-1.1071150683643824,1.6200339137562134,0.5466601128981772,0.37130012250370065,0.039728192872078405,1.5334685327937312,-0.12846510258746213,0.7909235919317723
1.926459716394167,1.0233583114229066,3.4192281499832218,-1.2606248455618063,1.0341562731170908,0.522288840364463,1.1491145263804898,-0.6484479239465706,1.5911089445314142
-0.35901497487567147,-0.39675484472469125,-0.765101635190811,0.11492140904476766,-0.42330730058350236,1.059168412759636,1.0362637284286298,-1.060306920774822,0.25561759182673904
0.551550373640417,-1.6001546121893226,0.7445903317309438,1.9598183544165646,-1.0307008950956602,0.7830397265262213,0.7661443172072309,1.535994497963563,0.33940447269631735
-0.20050980752440628,-0.7449465485864799,-1.5535767110623535,1.0253078225403591,-3.1592181034642612,-0.02339263551745918,2.0204675945090558,-1.3336334747141132,-1.8775875274276812
-0.25348262563243606,0.5950744033507317,1.50688872555456,0.6456113593034698,2.0301981420506614,-0.686378067171964,3.349425506153514,0.7322444844868935,2.100699958190703
1.5189263158636002,-0.1544842620965674,-0.5613178415820582,-0.8598573356668573,0.23456004536508862,0.289302405064115,-0.7630271306984191,-1.9067393169799842,1.2099477539248165
2.262054321271278,0.04359542171161154,1.9686052234112457,2.0395945566400666,1.5377361828340874,0.5271391520019366,1.7155649184718684,1.9599352687837766,3.3520376537397603
3.012805824991276,-2.236997918955173,-0.0821694896192694,-0.11619283824642257,0.19819685957200028,3.2480248058037122,-0.5875065789112286,-0.2332011890458523,1.2811526434222902
1.0283780110700627,0.3421856949667587,1.2305305537702043,1.2092156474626328,-0.8151294391925908,1.0573755854725138,0.2246880905916453,0.41823718016601796,0.7763316777131357
-0.1506114240497768,-1.3179956541256725,0.32203414441692013,1.336322859846019,-1.2991793866044417,-0.4532641736745605,0.3943010185735751,-0.5266266529906816,0.1720439273501334
-0.8796944305575476,0.05085857438322369,0.2808486713665561,0.06421936443748477,0.3510126052445236,0.846479359531933,-0.16534717262477439,-0.28834138611792415,0.19595442638936056
0.5840172914957595,1.7799817946837317,1.6142214300236422,0.8586964320195019,-0.6127822153613693,3.3357565171825567,0.414348036192864,-0.09400038827364385,2.377296711111812
1.6228126291212148,1.0620893966812968,1.6526397012220873,2.2869342246368665,-0.3111966775180601,0.5415693467582392,2.7827669802699115,0.8402736437182861,0.17222824879383858
1.8173816886651273,1.4552008852560172,2.121555676139224,1.0781657647666176,-0.841607924282831,1.869574756450469,-0.0845266332175173,-0.3627802206934992,0.6084522517418394
1.1145144355693382,-2.2543505191200346,-2.1876118952104364,0.4065737460068014,-0.9832502405558905,0.161580515565508,1.5845165647576431,-0.6378398499949072,0.24310601131788823
0.30747942987058985,-0.2047823315399399,0.7892606583101975,1.0774897681459896,-1.9367044233326332,0.7142645737606096,0.716449053485645,-1.0666594165442171,0.991856150917843
0.6214934712590577,-0.9711664178209315,0.4308651473165682,0.7862465548518842,-0.03898774408026645,0.2789389630048822,-0.8828723096454913,0.7364918134179618,0.6534627534809043
-1.3319864220814859,1.2863989697681204,1.0092702958149677,0.574782325800615,0.8221497863618978,1.9590394925654735,0.6390864752720138,-0.6696313817554551,2.0734316917917215
0.8655472884246095,-1.031212768394178,0.15891149717892294,0.0980943974973334,-1.7102503675486134,1.7800432052587065,1.4668350505244616,-0.8445394004093469,0.25342048464878664
1.1404474206711774,-0.2557153384745814,-1.0552312590555264,0.01468583155575831,-1.6877480751304041,1.797681052302555,-0.20055811996872497,1.3718887714415826,2.3471828612160004
2.345049976087756,-0.017923078125240105,0.9190416018725925,-0.19857092937467802,1.1755455752804636,0.43691789750917437,-0.06109484072225302,-0.33262930830922566,0.2671933913402227
-0.5931451248277717,0.5204468517667542,1.1852842028538912,1.7782295075590073,0.54878585654547,0.894923779355788,-0.48976297847031103,-0.41538988299064694,0.43945966345183407
-0.55319676291088,0.08988565102053672,1.9976959628871787,2.6167424216509416,2.0534707253341358,0.9972349033872663,0.6972814690972272,0.3420427003621639,1.8841176735819163
0.6010292310768149,-1.0353735356702103,0.7528395502809259,0.6085353867212715,-1.2065686585966642,0.8832431956184396,-0.29959296740880514,-0.6675656613931366,0.21380303356378694
1.0905583822827314,0.004984467567643369,1.7526037196995088,1.0571028894899746,0.6248293344140601,1.6343408780960393,0.6890145812911426,-0.6195743927858948,2.054378960297953
0.6476449804740442,1.3097761438979065,1.524119604075803,-0.48956045252976454,-0.9712230190417787,0.6346774150252119,0.21260020216064546,-0.41136034875996835,0.6890737055426823
0.364614583653798,-1.5767634221620486,0.6965631825283338,2.3782039447273426,1.0990411504460103,0.5796436744515572,0.5631490953400351,0.3567391339912521,0.2473401296149942
2.3937300597111184,-0.2548805357783415,-0.3491905440586326,-0.6767971928249148,0.8461738521798564,2.170644492164064,1.741727739086677,0.9150667874711949,2.0295844468733657
-0.9969594317856676,-1.8316107470495415,0.946982041220677,0.9623934549475882,-0.9179585478079718,2.1096323996496547,0.6883684214988319,-0.24977455780537944,-0.255883899116078
0.6458739983745019,0.7478716228248641,-0.841737351148183,0.10302212862740667,1.5126658173674807,0.13500907135524642,0.8891184990891737,0.5780298282785327,-0.3527533837843647
0.8402947086979675,0.10951360575595892,0.8957976399164234,2.3009018587101497,-1.1483038634814402,0.02817173158605646,1.1532767908275159,0.41717024269800573,0.31529570921371464
0.09315019125742174,0.024475670066116395,3.19036074865173,1.7746432736255007,1.5550372666183654,2.1940112478108857,1.8371970178493842,-0.13547963262478635,1.7316360551903938
0.6046550690347492,-0.6627826778550441,0.015181811026991343,1.6587454953697296,0.3219847641314796,1.7706613793845665,1.5246257820378655,-2.315030392492993,0.8585160634273217
0.3503920809556875,1.2283666634184929,1.1240078952958037,0.8977879652064036,0.8270038356028375,1.1069858489376214,2.4175069969689478,0.21326290931092262,-0.18817702988328067
0.9205267429532012,-0.3317324254130468,2.62362542764935,1.1794673576648478,2.0184670754013236,2.8624145427195287,0.7037413863703837,-0.5613053405133274,-0.2962542727909515
0.3451083075717278,-0.05874556215306163,2.4277225474456876,-0.2217695575049199,0.41941827629738426,2.681729960332336,-0.17421684691117312,0.10128684105396712,1.5057814602566906
-0.3449204052116812,-0.5256724359559145,-1.3870027109581322,0.15178650171788866,1.224313332123506,0.5745588478490995,0.21678975978723947,0.4807744059436584,0.7817722797699798
0.14412025485604874,-2.5539685464680772,0.10147747697307719,-0.6228333381486919,-0.7599141925369011,-1.1711673849229323,2.0428109711014146,0.8887199452413149,1.0731593528337442
0.4633901685009205,-0.44857048254715104,0.4775897468041682,-1.0104135030734007,-1.426833838131137,0.7538196120796431,0.6551315075522915,-0.2944610499791172,0.9568718704374644
0.13118202305497262,1.569369221705002,-0.6014680697685547,-0.2817752070328716,-0.085791378550657,-0.5072731999783847,1.4022668757536012,-0.5006332571411519,-0.04056106847996899
2.4246504232533224,-0.2658714419984475,-1.1145417821015076,1.831892583070187,-0.23308421430010923,-0.325246734256747,2.3394821702490103,0.6638183247698917,-0.6631567513813045
0.9998434514076506,-1.0774966970535897,0.8353016150994766,0.06710538681233369,1.5756896103366087,1.5351984946760573,-0.3136264598643592,-0.16553389960939668,0.9169859979996824
-0.7953317848715711,-1.4547812979742003,-0.6022469605825248,1.9716887531310863,-1.5819309862805164,0.7562285523547567,1.2795568339677006,-0.11207914309815803,-0.32205263688526864
-2.411299455072724,-1.64831736797285,0.433385230843592,2.1583227648002996,-0.40134929540328856,0.3920199033868794,1.6711098927616017,-1.268383531863248,1.0344524257430259
-0.34593326454148277,-1.3100222143089066,1.2282117337057716,1.4558419180565656,-0.007101498763238873,0.0906720827313866,1.9505477189833105,1.3350677266076003,0.4143123563207467
0.12890580433843168,-0.3089812715769852,-0.17836157384832896,1.2007855301761223,-2.500613975072161,1.932882806305972,2.075083348341063,-1.7178117902850667,1.1109851578310925
0.9670838167026627,-2.155470166888936,0.08117981354569082,-0.3459181420156445,-2.3887564393343697,0.9918529941453995,1.0750718861861066,-0.05191064098743342,1.9217689015259167
0.8171559753083815,-0.0540442707501157,0.3813303445111083,0.5460695882137819,-0.62298562364645,2.8951882243071174,1.2148753952956084,-0.19086172174042978,0.7158084749290672
1.404498884308547,0.15963906301142344,0.8499339217051898,0.928715011996748,-0.7495396554429739,1.1189806945145429,1.7371898630596245,0.5658618787294387,-0.054710994164292925
-0.09135283135908678,0.40358638614825804,-0.49912950731118666,3.955283801956201,-0.08048533250194817,-0.7455528803968589,2.4545531706822157,0.05421966812224577,1.4907894091685272
-0.8648764580931094,0.8304163245202465,1.5543745228025945,2.207090953008498,-0.4788124414604452,0.9221019634379757,0.4433543488006394,-0.33496824346456977,1.6030190317915045
1.0498148673011911,0.20823493018583011,2.3780042531385064,0.835177281482981,-0.3758714713022153,0.2620065695514473,1.5287305058394978,-0.6927319155663112,0.9380524777213476
-1.1826348953325714,-0.042120280708066865,1.0316276453330036,2.3457111790591654,2.0661386204649297,0.33886084988982534,0.8218820266083728,0.05266027462043818,0.35871846681469804
0.7757122204803739,-1.395369347254957,0.8816818418387813,1.65648554642405,0.30433129193484215,2.7462321301406623,0.3193089029611862,-0.23709435924239086,1.843673105407777
-0.4138466532890299,0.3897101812547791,2.3587933624001276,0.5048363750398293,-1.0443624601223878,-0.48670505023468247,0.6771868172289012,0.9275715348864046,2.2069534508406945
0.5410502394872958,0.446834913987356,-0.5501201248678725,1.5056080731576835,0.21795011887029403,0.9623591146132814,2.520370463941056,-0.3875228774940187,0.4215634059914181
1.8830503857641845,0.22527708531792962,1.7756760697164293,2.632521825337405,0.34388508340485374,2.403800225305022,0.2773173569287142,0.09217334229813079,1.0594753886302617
-0.23516475743391085,-1.5378245486152424,-0.8584459533944163,-1.0369021562581577,0.8922285503475307,0.49993382270119724,0.2603322821408476,0.15516177146098076,0.42790250374847894
0.8945567873555089,0.7011761049447918,2.018772281097979,-0.48343988876898236,0.514936799213145,1.817429616117415,0.5873363100130933,-0.4771598589427801,2.493619304756463
0.393148656052023,-1.7256275880830312,0.831400010234923,0.6648125752273998,-0.9654236795431881,-0.8795454405836173,0.5342986378071023,0.980202087453786,-0.09095925757278567
2.351807549312254,-0.3321584026407789,1.3408780966376659,1.9110282220740298,1.101792012935897,0.4017966041618098,-0.8534336761397439,0.06298956656162896,-1.297698946889862
1.3063463693239812,-0.2734550250172367,1.148428772341783,-0.7505020141312528,-0.706181151944222,-0.09607902764457188,-1.0803442362210829,0.5026829298214435,0.47021951559946357
-0.32653629492630865,-2.3065409110474357,-0.07341274036768808,-1.640554476197746,-1.8864881565867342,0.7122961535486956,-1.0387123200368178,-0.6583307689972735,0.929921739641362
2.0607244316466695,1.354539141770055,0.8713822955154842,3.326966217099405,-1.2656793029478057,-0.41655433263726527,-0.5599567168615822,-1.269905876207196,-0.4127022527426779
2.6818035097170076,-0.6438190712477858,0.05569536483385895,1.0273533525949512,-1.2307246581874722,0.5192743285786907,0.3934214248242757,0.06203563435704679,1.9407343087731626
-0.08006131991664511,0.40806887016597104,1.214621149884693,1.6483010073135027,-0.052056753433165376,1.2936582554753748,-0.029272573410251912,-0.30735931368167024,0.5482032617211716
0.9579720125368806,-1.30815807025741,-0.3306387100344169,0.8611956403083094,-0.8621305137745504,1.2450363473563457,1.2367032212457638,0.02596770616195898,-1.9658641524342388
-1.9801250457978132,-0.4213714923406681,0.8886264128437161,-0.47258482370782606,0.3966940108667161,0.7899475349439595,1.1864820935936926,-0.5922210877097247,0.5877197221681485
0.21923318424999483,1.4466230821642065,0.8729702018262552,1.0526647653344936,0.19639418457719637,1.9636252620679726,1.343973459449479,0.20655172511429387,0.918107131237841
1.5382321159608678,-0.26833373827038093,1.3215139260253606,1.723186332569858,0.767130441821095,-0.014943471015811727,0.8899105966565981,0.41870790362258625,1.1752510852933666
2.304040472310425,0.7321031118160052,0.8018819056604405,1.623751524444507,-1.910181493461732,2.2512424622999383,3.8724264971612863,0.31421964187883855,1.779985676935019
1.1402924485630814,-1.9398235533131902,0.42872175926499717,1.2841083337494283,-0.6104433729550754,1.2229447693695243,1.9967259766823493,0.03263318603530807,0.5775828458752897
-0.6613711210522588,3.0501078310840892,1.7379992604231829,-0.5858433234184102,-0.5848002895716506,0.4062988255732487,1.6411674797249223,1.0890991037714832,0.9629271186465687
0.10342494701733829,-0.10108800648806238,1.9177438748697035,-0.03248494776938582,-0.8099128965691188,1.556058730812492,-1.0031060295166898,1.5820458849422636,0.2342075899615067
1.2076031235513756,0.5494548436848539,1.256533103210356,-0.17650801913853742,-0.30237701728137223,1.6934550915741746,-2.0215913251854363,0.8766051648667922,4.131982382151733e-4
0.8090822966095006,-0.018562262358897574,0.3910435206182226,0.04369410027370668,-1.352207120176344,-0.5318854958699156,1.2860951477410667,-0.49939727274286855,0.3491239946252095
0.3586567762226475,-0.5560371848989959,-0.6900582734359894,-0.8714731583542128,1.751877416972545,-2.431123797962318,0.8298381437762996,0.9860076994925511,0.5632312350939608
0.6419984557934513,1.0095613245755204,1.083920652514153,0.11448025667101436,1.3684360723154625,1.483439798757793,-0.07346285038125022,-0.8386484616104477,1.6674906814401855
2.4667063176260515,-1.727380192249959,0.575841186041945,-0.6538546449250449,-1.2980758504541379,-1.1510451246300417,-0.45828727446894013,-0.6167615444794832,0.13324978958806621
-0.2504042654941596,0.31678355146357756,1.552526814037318,-0.6849234828048463,0.17104693018621558,2.8849179497607085,2.003813576687964,-0.3583244904239178,1.0689988162008595
-0.32280880155672853,-1.5400895765487705,1.1534331568860487,-0.04166982450186618,-2.006390854478953,-0.5893976977152798,0.3195412714736612,-0.056319199600167735,-0.3589112050921107
1.8029104863046197,-0.2519238206993092,-0.23891181160375197,0.7049154774280577,-0.9461833183660551,1.5784649360284972,-1.0302516167207831,0.7131785318095933,3.275198900101451
0.26624333856886484,-1.8626304700515222,-0.9953846360995108,-0.2711358977861218,0.016511957577499653,0.5115308793521192,-0.23257365788117657,-0.7275692437062056,0.4978319105604484
0.7961038171703503,-0.739724399832781,-1.0278617567821557,0.37145788318780937,-1.2168019050359267,-0.25891312475143413,-3.060155305354324,-2.015557151387079,1.0926297612403701
0.5568722568004564,0.6850437046389702,0.8935307939595115,-0.3360791610962752,-0.6994038350039586,0.7963317498269559,2.2890210346485036,0.11597219040155776,-0.2035212948148658
-0.2103962907676029,-0.775406025848644,-1.1159233201031462,1.0221961252167129,-1.4172300453062316,0.5558174426292664,0.8501471209302682,-0.7310258140156556,-0.6720205131565581
-0.8288992341992172,-0.7861283052605538,0.33279339246879514,3.358085186097694,-0.9660504428446617,-0.3381364785868851,0.8559167886266639,0.45767801096512617,-0.09672188056614206
1.4743869535609302,-0.1585421684088342,0.253380462334757,0.7838541780423485,0.33843501063963877,1.0369389844244035,-1.501245467543559,0.095512389628155,0.6753879060410375
-1.175728708024352,1.4342856259698455,1.2031320666659224,1.8278419690506518,-1.6150278967200105,1.6240045840248831,0.6440216258385871,-0.12434274509562016,1.651566279219976
-0.11042387414721544,-0.734800837554201,-0.5274976753155051,1.5820503837431277,1.2465038904445558,1.0913470323855485,-1.8849291668915464,-0.18769628961733553,0.9554417179135063
1.124219393855903,-2.5877922597486247,0.8989248157520142,0.9822789540606041,-0.3014312752859809,-0.04292454449027916,1.7300627431837223,-0.19383472593563067,0.06211294487703323
0.9800635777804045,-1.384749188345471,1.0270007520387672,1.309992688968333,-0.7050030652349567,0.19068688913930432,-1.7078993812344554,-1.0122693618300813,0.1127512970882647
0.8823625367082023,-2.7712376311638387,0.7633735424083412,0.9768416989866333,0.7969478391968409,0.19139752905769214,1.3436826151676704,-1.2456932333524127,1.4056907079261003
4.349105701376886,-1.1598885943955946,0.7123398318766591,1.3326605289295077,0.6171826250072393,1.1444009398302812,2.141576634175564,0.6272072119747231,0.7573366804664557
3.050993266616603,-0.5109546936427609,1.9191172965441732,-0.8018827650588163,-0.185455518883174,-0.8898109674673472,0.22279563089281496,0.7206159211315861,0.10828275659683495
1.4383898408418938,-0.7842251520613053,0.5052133795181343,0.13438600889886332,-0.9828097586779518,0.03849267968806391,0.9487947181241325,0.4407274722094616,2.636473634696782
0.10743196919061315,2.7139870761256555,0.209858864975896,2.0263084939145832,0.10872341710360167,1.9385954653579813,2.6505790739272834,-0.8486293077925646,1.8514847502394611
-1.4328614729682254,-0.26428605503858915,0.485219774413567,-1.0422149437167296,-1.2339109621946387,0.42696730509706304,-0.885401173097591,0.8101403528730325,1.0670856288578865
1.7450903087071015,-1.4937301364919646,-1.3642390623031222,-0.8926982355355293,-1.7623826671547618,0.34088401652878686,1.2892167059107393,0.15305380975986438,0.02677596373407065
0.4603417002242214,-0.541550965162026,1.3389350328939162,1.8406807620125618,-0.652662081261632,0.5545400521817467,0.9553804633966196,1.605936449939336,0.4481751150839818
0.37873475281654717,0.27616053441745564,1.684968912963875,0.9900239647912964,-0.9599637764077449,1.8682329901717187,-0.29751141415814386,-1.1207529621966825,0.11772674148076212
1.7179971678849522,-0.5596271245610446,1.6758982610457056,1.0539344539487874,0.5462334531532447,2.0526037628020006,0.5597795967163777,0.8964180870547691,1.9391461387028386
0.9684598008410301,0.27099378054143974,0.968402389103683,0.14440826150439767,1.2795542470643644,2.153849273797641,-0.008839635535539903,-0.6929695388807684,1.5243652834192842
-0.9391651310894802,0.5937122823220611,1.031672199554456,0.35382887152743714,-1.9204121098876226,0.26334968276969006,0.5171950268692376,0.1485613696736381,0.3809255014256368
0.3025327547275707,-2.1908117373646148,0.4096957543213353,-1.7748781008780696,0.24185534182088503,-0.3282297368660877,0.6489413749248063,-0.8799272617833576,0.7606363484934451
0.2086840175781377,-0.5625134541437065,-0.610733956674541,1.1436823302529775,0.5761927546137894,2.9475128722284083,1.0804665567726652,-1.011965093985649,2.8966515123329732
0.798774251192312,1.6965045098337657,0.2803386076357949,0.8227999863497607,1.0199912425358417,0.9140336705895216,-2.347160559277571,0.4857708967485843,-0.5547566656645934
1.5274130939491581,-0.39465548958038055,0.8770509547364709,1.7980826718249932,0.5691654284544434,2.679720473917744,2.0757334696276124,-0.22021278344773276,0.7238213212889107
0.1434183563888417,0.0028856092481302914,0.04370261147173693,-1.5050522359083418,0.6101126788894323,1.345278615042657,0.8449414703775875,0.4309224633773574,-2.206537763245026
-0.5422360010462159,0.23530477807484623,0.7952108386922818,1.1617292558234371,-0.8109521027679163,1.3340032650138591,0.6752175303065335,-1.0624497525282792,1.9126176268934256
1.105676247340155,-0.22643802625262327,-0.1801495870936033,0.7021970305166414,-2.5212592204905,1.1766632371876211,1.9752623965917495,0.01624092558257506,0.007571466838705021
1.5888608689771255,-0.26026583708337636,1.7066398123865996,0.7584977333101711,0.3115161337998654,1.1873275075095926,0.4621529333316862,-1.2061264376556633,0.7799980948765542
-0.009332776008343924,0.7551105462089772,1.1430676110509579,-0.521594786857619,0.13834567987469698,-0.4871079151519161,1.045844670205553,-0.08358948542545597,0.3120209791937165
1.9273582656250405,-1.7520403432892349,1.3933610699415118,0.38331976295562226,0.8852471171105005,0.9478250300044988,-0.4058555616251225,-0.7690643408237381,0.668673345711152
0.04551169893169027,-0.17387253646114803,0.911761386017481,0.11373287863512427,-2.136998032604817,1.3125304585945168,3.6852823430268162,1.2895577342624078,1.225318401328241
-0.17455015626653958,-0.9896302156887313,0.6903650040906151,1.4116753834874904,0.46556032777545997,-0.4832508061434989,1.844585442261557,-1.7792101256234074,0.16852055985118797
0.7898233092259196,0.7475679206959501,2.3459662192348514,1.0359841635498817,-1.6489231271916425,-0.08378201376531236,0.03082288553723045,-0.985932338646271,0.6385792071780654
-0.09991260224874277,-0.03882708611907147,1.3542649508342572,1.17952949908384,0.007024216378113235,-0.6495700465040931,0.8523768310776387,-1.1761315471945448,2.5998281462962507
0.23504688147729147,0.8236832444620018,1.8032078704903667,1.4565529711464984,1.1067486668191788,1.9582002324555798,0.998765873051306,-1.9639340704381103,0.4056134599663822
1.1528261995571432,1.7838806022013454,2.115488907404566,0.7746525713361327,-0.35493656906160165,2.3327435496199422,2.069125907941192,-0.7211640588419523,-0.12194427483640269
0.31322904824358444,1.157284189937607,-0.303105330722219,1.5724902789652861,0.4594590509571542,1.3663466059116214,1.5718141772385794,-0.9773153582775207,0.625555582114663
-0.4003352236577138,0.8191128258018379,0.24133769488291612,0.7632976913083709,0.9152134059029875,-0.5317917978063752,0.5097481304142271,1.8873572290417124,-0.7039889517089001
1.8027289029704754,-0.003097825834797091,0.3603601048154592,0.7287744222122652,-0.7150570389258165,1.9991376876051956,1.2254957303347132,-0.11091819740886327,2.0395566984618183
-0.1548302430724846,0.008956254016061954,0.9930120598842915,-0.12744626063734255,0.9664578972621078,1.5159743130719723,0.2159178793219686,-1.0665460410876362,-0.13594697741600614
0.4903100924491028,-0.14595260059757878,1.6520772493805218,0.4109627765768926,-0.24338842651497355,0.9562985315491859,0.2873819533960088,-1.7772000267510177,-0.5494153632331024
0.680325869197864,2.519264909441679,3.49678645559216,0.8083777196421406,0.2091467689028979,1.6512704652216725,-0.09054042743333424,-1.1339814143358087,1.1903826859026825
0.23219669113236563,-3.487294519011818,0.4632801761225781,-0.7757115545390505,0.5816791484120443,1.058303037519347,-0.15475926617776825,-0.9361711185517674,0.7538864789857569
-0.19224673523118707,-1.3356745379510389,0.8101300049629452,0.5605694690806526,0.6842226754652454,0.5587725622599343,0.003819237317836399,-0.18632488240662043,-0.6283305630729604
0.35654253245086603,-0.5728419393842278,-1.0953485867032269,-0.16112108463509156,1.5406928703071021,-0.006281541799320278,-0.18266935899305725,1.5934991483169394,1.0986931478442425
1.007804465260102,-1.413268438028717,0.23788818956720248,1.198045119834553,0.6444611137711782,0.7684448900159178,0.5976482887420572,-1.3299613972867343,0.31900275245374365
0.01236372176952849,-2.663284995617584,3.3223724406933712,2.3474040445704345,-0.8764153846770775,1.957575529279751,1.4761072776811248,-0.5968556892141972,1.565815479841023
3.0871476806693066,-1.1445622035963898,0.2913370555815974,2.396621586941712,0.45142009688380813,0.35158115438038107,1.1792323367904625,-1.365409651581851,0.11921930163965122
1.8190540747703399,-0.38688662756081155,2.159896037316494,1.1037199117547176,-1.378551660527436,1.5521246460322846,-1.1030003809988933,-1.6106001617626917,1.2744861129880665
-0.21413022028965611,-0.1673185656976824,1.7119625543033632,-0.8827303252002292,0.8703031733126763,1.205637353426824,1.7259127309084052,0.6553610151442042,0.06590242143166292
0.9845915912821617,-1.5162012602972403,0.03328561066194691,2.2117790930281767,-1.113165788438285,0.5638501682474977,1.526042012790437,0.5311912257558664,1.2385833243178743
0.14631528867745291,-2.4953968745092094,-0.11905950940000676,0.26908633701685797,-2.3793118080184446,0.3026025851683558,-0.20725349782118674,-1.5242214173089284,1.565990037909466
3.194880321544291,3.4916316797793154,3.6948187181814567,0.46755640054486813,-1.165792943836525,0.5938688745021081,-0.9021607460462999,-0.9550682794688894,1.7651534377900089
-0.18303754344213075,-1.788049118316726,-0.6882273883909037,1.2953071418351825,-0.028816582130410495,1.7683908068283931,0.8723993517947446,-1.4084037083116683,0.45034686402287427
-0.4020875106639368,0.6371144543778957,0.8496249960240342,2.2462846900356617,0.5938920361162824,0.5206426120152554,-0.726858907239369,-1.0499643422533103,0.19435048660568732
1.7905346561514868,0.9320724761266839,2.915521766772112,0.44605880626531524,-1.4810940213689625,0.5158714608044677,1.958326307193567,-0.46831220151710296,0.8017162648980708
1.2482486532137327,2.061444355672287,-0.0068273102684682785,-2.7598416412952127,-0.5058007219620471,0.12789457469076804,2.710463178040034,0.3416406138594074,-0.1451513418478424
1.5308604806928565,1.864164790449547,0.5643866617988782,1.3546787558491091,0.03163479728665697,1.5300718304454322,-0.327597338240176,-0.6659610517258964,-1.4887552643710458
0.9955674670446929,0.9781701710410144,3.23375538184092,1.8414598088565661,0.24165503438696956,0.28655174776642156,2.310005879071987,-0.1861858625301529,0.40032210064040397
-0.31799683825202685,0.07686045152345766,-0.9743940680365554,0.21366032774310728,-1.4476937019717715,1.6221186313559806,2.294849768544925,1.8624700796445584,1.0235578208318548
0.5541339441197142,-0.1708717028062422,2.274296007058726,2.3088525571866736,1.5107354569441582,1.857244853637447,-0.4971935786012831,0.11535777644793183,-0.4819607784517751
1.0388458141062862,-1.9833009997945648,0.8244291118459637,0.19335397324838288,-1.6867493287332709,-0.6659472287699989,-1.0072854809282286,1.5536451157559514,1.8562178135888643
0.35668471401356205,0.45530532251453504,2.2248963064584997,0.3920220639497829,-0.5760166241838449,0.0948998612202423,0.5469157522101259,-0.2670687493484829,0.3188544781945388
1.5393575127025105,1.1537922356783523,1.431505585362324,0.169570458717627,-0.8904879359960167,1.045828262849833,1.797501903870797,-1.126048603844708,1.4348117270459602
1.937245399269802,0.9018111377592315,-0.03599767802280052,0.7195670690240014,-2.578437769341737,-0.9442997938938401,0.8579603451635636,-0.6196303672119555,1.7314966039914617
0.38701701858963256,1.2419572999643897,1.9376259432307887,1.0575561361203145,0.41825566365647937,1.3468977000651152,0.4198894217511833,-0.39074731588004386,1.7145964362279242
2.2279636014367736,-0.12798164791820021,-0.2571539794169063,0.6777182315176244,-0.05318706633292605,-0.2643056245500609,0.3591508649503503,0.7319671479111306,-0.33290826691906894
0.5096805278367967,0.7353146372604632,2.1466049690302063,0.7393517337244505,0.13733078433643045,0.7221297241712226,2.1513838988020595,0.5404900554610332,0.7268367784053138
-0.34610728622127396,0.5320376276673418,1.13048730481789,2.4075413824277536,1.522188692653072,1.0215183057699997,0.1810866187610647,-0.31271357107296416,0.8216243321114151
-1.03422585318316,0.09560643032372798,1.7594872231825436,1.7888880372944804,0.29266508603496866,1.286242827459188,1.7842400425770697,-0.1465327924347979,-0.4677669023941021
1.458171692096062,0.9139414839491138,0.6043166102046473,3.744853497837781,0.031906270690629956,2.826290898507356,3.2563951100563058,1.3048076180492847,1.7377486491747194
0.6670577066653987,1.3271257016350482,1.6108042969158611,-0.3748057508597833,-1.6089682671896488,-1.1710755861026874,2.5345218220544368,-1.0417564151835887,0.7262886830135143
0.5745321623320523,-0.6686079033941019,0.9555179677959208,-0.27279888791108586,-0.7878999433326843,-0.8673486351893799,-1.6732570619592892,0.9083315034596087,0.7765970576202428
1.8366382837097541,0.004943290100918429,0.2575611787808809,0.23848948539581571,-0.7869648622266875,0.8692956105707574,-0.15282391116532423,0.12065849416323216,0.6411609081757863
-0.010151714098427078,-1.0271174450618432,1.7444449914378333,1.7595946681266528,-0.3483850301552508,0.2618671671039431,0.08372717958825726,-1.2652657943495906,1.7136299007486295
2.257443991751294,-1.7700791760599792,-1.1722502809579085,0.9896672325051028,-0.7784014170417717,-0.20716772091615654,1.814034871403189,0.18456705352844,-0.03447128494954854
1.6600061763297222,-0.41736170369071734,0.9763359018087168,0.39456130908507314,-0.4244627903470614,0.37868056451428234,0.7471250683420351,-1.855133483615356,-0.23735488509934954
-0.43365667943629105,-0.7751978982293021,1.9873405662093004,1.4158283762339696,-0.20734852535165843,1.494257727205488,-1.0844566493721062,-1.118467137225749,-1.0645518971295305
2.375996339691063,-0.5461810947576925,1.1487045427966005,-0.03646947429665581,0.4061910552657714,1.3094384740813223,-0.7444541853699653,0.8181734849812397,-0.4836591598781689
-1.3495013589005205,-0.5798685088538993,0.18157641016034454,0.6090233077971823,0.13875536457385457,0.8724262070542582,-1.0944666014738307,-1.1287221037318216,0.530883123414688
0.12779017177904384,2.2025687416565933,1.1328477047891556,0.9880484356004735,0.1797068023095521,0.8519957115033208,0.05789370099517366,0.9299463490225983,0.45131397590727146
-1.602161690068518,-0.6645165910854326,0.9478777204251818,0.6472864526641218,-0.436467268837981,1.9078623018287089,0.6639342751090076,0.17409344013145378,0.5450236826728803
0.46759861512224576,-0.327369161075334,1.5833540322805157,0.20921295361500103,0.5742624285346979,-0.5519865356263812,0.2981655380812836,-0.7243750386460547,0.6383875558339398
0.7212000240774429,0.6122674208262358,0.41304218453629993,-0.5851435492355042,0.6260079071838283,0.6614227623767626,-1.2814541653902092,-0.9539030814434479,-0.5094380603077612
1.3359749470557962,0.7309324545735115,3.032922643824237,-0.625745604725634,-2.0355957588453055,1.949872629198795,1.684733135288509,-0.037172051325482736,0.300964462241476
1.5751202924241103,2.5339602737142837,1.1931820819248362,-0.5247749746685848,-1.289458311492222,0.9909328734349578,0.6187143412872987,-0.2543453309818329,2.100430391422563
1.0094785588340214,0.538401603100977,1.3158172665812768,1.009211330132499,0.44721612268441635,1.7393107585011771,1.6226385061195787,-2.1031614287785017,1.2104059801801836
-0.7820959766753541,0.4125223320865916,2.2918210177616154,1.6230876709158095,0.19042503280880696,0.8620570191874751,0.002432240559479548,0.593122170033672,-1.9307658809132624
1.3715362588220206,1.2378551038307188,-0.5728417963704605,1.3103637353279702,1.6463943215281582,3.975913413079618,1.4150321139266318,0.12454947471424987,1.6281765101052512
0.21848493168577754,-0.2572786477782584,0.5246505105412598,0.5081360205160449,0.1812745510807119,1.2449409170482655,0.7206539386318596,-0.7316472101413835,1.2781000145893369
0.754362755582936,-0.04078860756865672,2.1243412802489745,1.7251136499972644,0.6690867891825385,0.45619250015983914,0.3966562170677935,-1.5155276899386239,0.8093092684527737
0.3590682376138705,-1.7741800417057694,1.636433398471026,0.23047311697131678,-0.47729433704964636,2.498413981095531,0.9845806820144654,-0.24320133404675376,0.011511766640025178
2.446279124705782,1.4647222477288924,2.682668912372619,0.23649901026089304,-0.3164539600596956,1.5311656773155002,1.6831291803698334,-0.5489866543781248,2.316982435691163
-0.22697623369477216,0.6330192768169248,0.8027111033581279,2.4539576802214307,-0.8576095766704958,-0.3888393755748677,0.06254114054597248,0.7856973610311413,-0.10845893596999945
-0.4577037759841236,2.592115535631968,0.7230561767467613,0.4439905151345981,-0.6677003821455821,-0.5157495205778279,0.9608496988027373,0.8718790817298606,-0.2756329895131949
0.5372275591688521,-2.1502794572159685,-0.45484792497501514,-0.18400029720205213,0.33237793074778216,-0.5631528214281775,0.6799998896214415,-0.5214983814630172,-0.38041318963220705
0.6344659998192937,-2.006932283027359,1.156453262134752,-0.15043437441891794,-0.741291477553086,2.021623338941724,2.5083624796902937,1.122717272712582,1.2367877282254085
-0.22378655303185457,-1.2228889390909072,0.39341705153305867,1.9567017703348764,-0.24513137896363746,0.3837096448201268,-0.007970799177783316,0.7104370671760536,3.732866477786841
1.773509716607903,1.0358486514061342,2.027819636200411,0.5840201232625475,1.1671200562876722,1.0775619251620454,1.2913259877172925,0.7086160057152957,2.414329567582684
1.458937851470299,-1.276967203429864,-0.7342001753581168,2.3748577997786118,1.7561804217238541,1.6308980833185887,0.9238137693472708,-0.590527119431651,0.05143134587445164
-0.8282412568674089,0.06613516365354383,0.09432914884626353,1.289059377704631,-1.4220022388173925,1.2355363436286058,2.235442741582394,-0.39524820621854306,0.9953586486173043
-0.5655984297243597,0.5941409263591935,1.7563058266808196,-0.10973730106072566,0.3177828822717599,-0.838106565774586,-1.0736550462080274,0.8978522743566064,0.16419106792937077
1.260497655175311,-1.1363157317544186,-0.1288018479612908,1.5174484003108306,1.2037198575735601,1.2651688570086386,0.4833778383211074,0.26327793813920974,-1.1399524391457585
-0.9990148864118167,-1.7177738554145805,-0.33383006190265674,-0.4590134490620268,-2.1061777529368744,0.5338276663704699,1.7272348577937118,-0.8408094092170029,-0.11464796962500623
0.13967987253523062,0.7814069748774901,2.6561525145432947,1.544048502179371,0.38580006322380683,0.37334857951443146,0.32009742121762563,-0.279177312776302,0.8363163644664484
2.736372808671992,1.7897135883060629,-0.6862196854913803,0.18713249261917242,0.7750323092913595,0.6997303626579687,1.1343011418737081,-0.4567832735763706,0.7643717064218485
1.90191321277009,-0.4234920799807651,1.470912751184306,-0.22948013481834828,-1.085749065472207,1.055298399926558,0.6302119548213507,0.6558010250967652,0.8364820555103074
-0.0415672693920317,-1.283907827123337,2.556627387629394,2.963206085016706,-0.31844549967192365,0.8198949690619859,-1.1411997781711585,0.37247425141058615,0.9924976293622656
0.44333564327671926,0.9116858674313066,2.8925368853328015,2.4585593146189266,1.2586470739201936,1.4560262217768525,0.5288247206480547,1.6631912685823969,0.42764723403638916
1.9839613650145513,2.2038585224088614,0.8727918577017943,1.0857139740394723,-0.8271931115169886,0.533674143738872,0.8186474957073733,-0.49297445612030377,3.2539033499048773
0.24827036580963613,-1.7336564503303653,0.17454407594268384,1.2276031396913416,-0.6839037394071712,-0.7311566136551734,0.31804631985200016,-0.4631174928784481,1.2626156666028145
1.8134302662480406,-0.4989013161911188,0.43409253477440224,0.6004582423594168,0.4807367435136005,-0.931142026081936,-1.233390115978649,-0.7033229480958914,-0.4084239561983559
0.6933623287147496,0.10841295262890688,0.3055778049077774,1.5350499178071446,-0.68011236813881,0.08148806684003806,-0.2730981148249376,1.2557305491392927,-0.0800574972510395
2.3600785732044867,-0.2468124278166577,2.337206082261301,2.888695694044936,1.9052128899569623,0.9788879701216457,2.03839747613893,0.41456291686851743,1.7127486178659204
-1.1852678783967097,-1.52962644361534,0.25968734890110023,0.6934082064848014,-0.05590959837794315,1.2732696252808071,0.7092724072436329,0.22547874720700806,-0.25278964561110084
1.6846094219262076,0.39898719224801016,1.2043429395521046,-0.5530524323715629,2.0022883341767397,2.388159535939198,1.8741020376952524,-1.7064165287969184,1.690535550923824
3.108458561890956,1.6027222286956664,3.3736262053077977,1.8414631671964603,1.1474260746860574,1.1267852468270712,0.7241553212652365,0.33890192532296565,0.5303336534010215
0.9474123593823025,-1.6608148453730744,0.21668104018203693,-0.6798907187023437,-2.4894447419152854,-0.19699181617372752,0.6459438805900823,-2.3726653959809987,1.1473595894263626
-0.7213031238973868,0.8322240165792031,2.02472753149473,1.5790043256150863,1.0628232003402183,-0.7877358196490211,0.45943693549437437,-1.4112574749217102,0.4815173913502549
-1.5208558894441455,0.6402207945565093,1.0677076015787823,0.8294367200733314,-0.6829748538342254,1.4730283840289777,0.4442346821011206,-1.1885549251365044,2.453496200265827
0.7628347493229262,0.0646740150971398,3.0057478167472644,2.009856199708765,1.3433225418013084,-0.017298051276747883,-0.3895425870902396,-0.06428392606598468,1.5964987966281527
1.115912843478161,-0.42818277186090187,-0.13029847955861784,1.2398919923825322,-0.42613907537449086,1.5105010804591623,0.8656975311007589,-0.25138192007063154,-0.36948603470337293
1.532513631199385,1.193462062495715,-0.990583842680358,0.110538954287981,-0.8717107002742621,0.548544548798584,0.6691154493503758,1.2891755862236958,0.17828113326372563
1.578982130629949,0.23009484335220787,1.0498225256981164,0.607900478426155,0.1326153880167712,0.052686339295118456,0.3455330075097065,0.08208439831860193,0.3079253917093492
-0.3876213375186859,-0.07345763983606557,-0.8152497354460863,0.2384925061700912,-1.3114870494511,0.6740002033797056,1.213939385663244,1.0206100068064845,0.14519106796452053
1.2933661713351765,0.042678114427524644,0.02096292344465933,2.932144485480362,-0.37123107149787427,3.4586843433551895,0.848318253703982,0.8418094058833925,2.8115092894999743
1.3569667668910013,0.7916874302372421,1.4799308019566602,0.9079890679791595,-0.47664426344579575,0.10774814613067463,1.2345361157703523,0.5609940362732985,2.392317759040234
0.9156648818564352,0.4587351757022575,2.4927667826366338,0.4824833361080978,-1.8664519478613062,-0.15219536650111232,1.5890669695891355,-0.2947901468811095,2.1360780879411956
0.0854411581299982,0.32184803749805335,0.42390323957602516,1.529706253981439,0.6068127820138277,1.1770105711287098,4.011055819973895,0.9032528004645155,2.240032840109081
-0.003261194307951021,-1.4828920489032855,2.2833390532426905,2.113393951997102,-0.6808838191923342,0.27774538576421615,0.3569561071057526,0.5780200955457234,3.177208959499928
-1.53126580171338,-0.393397342078671,1.191996784797724,0.4248548081926421,0.7359271468411428,1.9657414175386632,0.9831608224110139,1.3190796186564613,1.5520901148173494
1.942508699583395,0.7557524438538247,1.4994166064985834,3.0556516967274976,0.6705685476624598,0.8172980993563368,0.778571340864501,-0.8881408642645987,1.2988523101438454
2.1704616742473917,0.15233311659287485,1.0702654054111183,0.012556111395134906,-0.8332128156572207,0.8945574477436051,-0.576834462164036,0.6022639908692293,0.6691901084173517
1.6011144592928175,-0.5266081675974172,0.2531774169805796,1.7831892584547604,-0.007747126830881912,1.2092102983396902,-0.7578559694005724,-2.0590396430964804,0.8625432782865111
0.3317433862702338,-1.186784816799111,1.6407511297394055,0.5928971858138276,1.341664340436552,1.1142791079263457,-0.2197732913117486,0.7675001035379493,0.835444294150028
-0.14104010069159167,-0.6827162107129825,1.8532425128735341,0.30874338088192127,-0.16315222112301506,1.5691838566549259,0.8121077410670887,-0.08027426021265216,0.8819094230742455
-1.5901187186088213,-0.9796857860590118,-0.35909725038635953,0.7392353883478191,-1.7333117428114557,0.20745035495874997,0.8737806894474995,-1.5783528405200151,1.0233103926983977
2.26118662366275,0.6198899174409915,1.2159900820496552,0.11089645230600909,-1.4907922417749084,-0.5400286517421241,0.5478832480818137,2.084435014169207,0.9660956757579293
-0.12636761695318588,1.7429251450990226,1.3983817380963655,3.499254034170574,-1.2595315014721271,-0.09728918559957811,1.0792121988244499,1.0131729315105147,0.14790802367215283
1.1443592996019505,0.35657183845598006,1.792411496976134,0.2356537612308367,-0.764498659893383,1.2008570895124284,1.9941332322113836,-1.3429206905686415,1.9756857506061771
0.9255969813600766,-0.3768868019905026,1.4370389254826,-1.1091728749481342,0.30132488223872156,0.5279682314385514,0.9052081715814004,0.39137844476931893,-0.16280765976413558
3.0216859380397376,-0.7066338439737231,0.16585040506462057,-0.6286217635048255,-1.980138356830522,0.4025498054404904,0.8462673701271989,-0.22622719501745236,-0.9962128977214614
-1.1543912168640147,-3.1031659799592246,-0.6754338947376434,-0.4901761328319387,0.09339184693855102,3.6186121023053097,1.7740620004864989,-0.7980810410282324,-0.8047998422977166
1.258554576562953,0.10824310114957564,0.8885286260704663,-1.2022162676043213,0.7457970956729956,4.025988205040547,-2.5782624524892537,-1.2635670220073614,-0.8359165394278459
2.5358600976497083,0.6344542961837383,0.9915695838651764,0.7511636633444226,0.6753040345820316,2.2060507915980514,2.556698889395875,0.6490923948097168,3.281027947499868
1.406788799053902,-0.7921929907260363,-0.12166725777171139,-1.6681145972312694,1.4025488449968224,1.1609950252967227,-0.8023670130895366,-0.6248671799182319,-1.5400529946263175
2.514617904880807,-0.3808545340809413,0.409975739160829,-1.8875236435806717,-0.1474324949493973,0.46816720328265177,0.7009491533189938,-1.5472943384994506,0.6541689342266228
-0.02700183682204549,-0.48708672056034785,0.40526068889918976,1.2340524782562083,-0.8941970144386805,0.7421855513132085,0.8744066223031159,-0.6232397287335938,-1.44123185010418
-0.21632341320470494,-0.03646686703433985,1.0877970394889718,1.809768512897192,-0.8371232677941938,0.6111381486003591,1.9472312798314955,-1.3311945930794338,0.9472252408809043
0.9818004195238277,-1.3591481197294046,0.3365642208758449,0.888465181466467,-2.0858927617101015,1.642720743128801,1.4342453572169478,1.9613358525894717,3.206094956020027
0.22741310351223465,-2.411679608543536,0.5978238594830476,0.6658738703260566,-0.02814984851967542,0.7021849310572298,0.9710485112175868,-0.23445253777061803,-1.1169822016690443
0.43857574073053285,-1.635088949835277,1.3065376466219338,-0.7996968862156006,-0.596937390711701,1.0802848188647591,-0.17134826486176136,-0.2925316584746279,0.4700933347377898
1.5120784449418592,-0.11294433691527514,1.0682859465579597,0.7170846884613515,-0.3538375026319879,-0.3775776528936693,0.7803483861018015,-0.6834537824597358,1.3629417285461998
0.9226043983478973,-0.6649399162461211,0.04820817742502903,1.787044130619413,1.242856276420492,2.321408191329968,1.4520393031596466,-0.1475326480959248,3.2062599009801778
7.990028018094453e-4,-1.3937873149568918,2.70138395519074,0.29496947891133596,0.15674248150414655,-1.733774780836515,1.9246965020478748,0.7756657616222012,0.6650628285664301
0.8595659586613383,0.26433608843797946,0.5189758127427027,-0.03215503645585682,-0.2576866382912575,-0.5291128256075085,0.6790578875399919,-0.16652959119518349,0.4652060364242152
0.8802553461435176,1.1773962647456522,-1.4180887411486882,0.19803037466702922,-0.6267008387869486,-0.4452086441102828,1.5055916433513032,-1.4870477358636853,-0.9493209520388836
-1.234313647556403,0.7067185763862533,0.40851716314562747,-0.058343868391202314,-0.8130117730884062,1.0060503970919044,-0.43982129141521886,-0.5612411286470559,-0.45102652489484896
1.1900194378452247,2.0528643482403313,1.9258762402337197,1.3638115018263999,0.31620852116952036,1.1121716726322233,0.4957598107466113,1.611621915774798,-0.13418490879980172
1.1814011913640117,-1.486384640986862,0.6023333893269749,3.048620926545316,0.5109959223794116,0.6766374996776223,0.022517426324279777,-0.9414874167952786,1.1048026548356398
0.5985091753415446,0.2568633968999183,-0.515977021329597,2.5424473235986342,1.503219555462981,1.9424876112500802,0.8868139571148224,-1.302437740347525,2.227934172727808
-0.26546058154776264,-2.168344177034249,0.12684385541640675,-0.11784290905726846,-1.4948965755365446,-1.181526358129192,0.051821616143860494,0.9977896428056936,-0.28570600151269454
2.244324855346962,-0.32442215448114586,2.000191965915294,0.4032576477282098,3.6279809874142517,0.2669924010675483,0.9952804101659211,0.7929414698367067,-0.1867635311716177
-0.4608680485327754,-0.27397917789228576,0.5644913408728124,0.7659000296057367,-0.2488247985865313,0.2951379836193332,1.8348749439741348,1.5830916623054367,0.5603487176728812
0.9077375400611944,-0.9627170480527223,3.8271721724003758,1.3729726627666858,1.2479075050561446,1.033910982639278,0.9056784946757728,1.3695066421316022,1.616060280209279
-0.4028878770932507,0.8059623456053595,2.0824154038289056,0.4875403220895557,-1.4163824086745607,2.5352864546073994,1.5821789037663017,0.7131963160759699,2.3199503581802365
2.4453677600173487,0.2168042353256021,0.09829882448723015,1.393096314845143,-0.9733694775455481,1.3976509479866688,1.2457792132473802,-0.31303465377837975,-0.1684576732540325
0.14276426967460143,-1.088413327391201,3.0865046528275055,0.7575215836075433,-2.3570718164368234,1.834648080538877,-1.412540697356906,1.729068547279599,2.032296903947111
-0.32471002649502245,-0.11187881017306045,0.6410553962495331,-0.8805572782209925,-0.8073474119269083,0.986356820953584,0.9657931807841881,0.34691587547528335,-0.27144688912696247
1.7181313252330437,0.4381409020676702,0.40865015897132956,3.328682542707238,0.6789439662619097,3.3638429721386376,0.06667203600440996,0.6277841501750959,0.8104503872876918
1.359470068641507,1.7967538716044966,1.8259778865310614,1.8711827017615141,1.0968020357411998,-0.7867781185322181,2.404704665744154,-0.26454500835285233,0.34689755986865844
0.9430814187347883,-2.114296011121298,0.7365539251292827,0.26278734138496374,1.3092383143819104,-0.4563536106688596,1.7426116493960417,-1.5221306986196892,1.7910125176768434
2.0022595017274982,2.265915476277473,1.0977980465777033,2.0168492280062873,-0.3907021666139911,1.9211556754737535,1.8712962795398915,0.9939464668657148,2.0552788471838435
-0.6070860926915487,-0.9853329746288075,-0.4366818064247916,0.3931250807630366,-0.33414049582663585,1.1867561271719669,1.483823064879801,0.25723806807519617,1.8585663457896264
0.09459117669488604,-2.2504488006005907,-0.3805597054599331,0.0038557801201298814,-0.41944093791494774,0.02175682014737934,-0.6970845292225674,-2.084666688587377,-0.6774109762917161
1.0886012348850014,-2.206303904739074,-0.630633631876166,-0.21548987486414217,-1.8925710368772848,-2.5226110771879524,1.8430838102156086,0.16083233980680045,1.3845305300911563
0.7852394192259687,-0.479351579614352,0.775447717572872,1.9877706111659574,1.811254302735835,1.3705682055137451,-0.36564646475684137,-1.454769604654893,-0.33354044083713374
-1.663449520203446,-0.387094490228316,0.3000743592191216,0.5309856008342126,0.5633978018667203,0.19814667471585157,-0.4842508043878979,-0.23430051063236446,1.8957292609385212
2.1078791001532986,-0.21768928992185585,-0.8526067034859889,1.3830794364109953,-0.8146863481567548,0.883946593657342,0.3755682953925274,0.2706627484038445,2.342109398545555
-0.0704826689147734,-0.0806204312579886,1.4986191109226843,0.4173313886271642,0.4120454009748675,1.4882491522811443,1.5203028562220684,0.4554413572897055,0.20181337331733673
0.41439776232506953,-2.144687060375362,0.398070880708279,-0.17778782699948437,-0.45499692399386055,2.8801422968770938,1.4820825974758294,-1.5347758371221312,-0.7728863503354643
-0.4967897969357373,-0.7121887856635324,1.4868270253023081,0.8406788161011753,-1.6682570439316502,0.12360975048362677,0.9589886542596088,-0.36626670821347707,0.3772537813328464
2.1792721807631916,-0.7261227603580331,-0.2220358081578061,-0.3760379922725463,-1.3350835429652932,0.159729793530217,1.3059797867443255,0.200751363017449,1.086490734368343
0.5840998750526747,-0.5140039005742858,2.4203315327621446,2.9408790715833057,-0.3646435194428491,1.0405896276455313,0.4779716142038091,-0.46738899521614613,2.3218269905576716
0.24579460504193618,0.6956646507750683,0.44403384076831687,-0.3395539831476193,-0.02741009537398187,0.8899303128363452,-1.504864026953412,0.34739371137137776,0.8756608267224177
2.206894054441105,1.4740497041930083,1.4802006046105833,1.0887493127852492,0.15972348067124126,-0.5373619054997102,2.2299497353166755,0.29858148375442006,0.344715473384577
1.7462731374460694,0.45074636391439216,0.2008673454037695,-0.2802891205840914,-1.4392826777384107,1.1186490307056913,1.3483277262328484,-0.18788477351963262,-0.1972119032631926
0.8447292910665126,-1.5238097890975364,1.36606167231699,0.4523846506475417,0.010847455513534776,0.3301774134249603,1.0262280331029356,-1.8018753592275443,0.5249644246754503
0.23095087247189883,-0.17607907782422708,0.9662915640815424,-0.058399963279776146,0.16660744643278147,0.7148513574627946,2.168900361597111,-1.1586312728879669,0.6281526022530597
2.677346073001875,1.0410633332272086,1.9798391974559402,1.3749871337125075,-1.9584181792144935,1.2298128526732401,1.792817554650676,0.13831009199993138,-0.16084504348195472
1.8883567418415677,1.4818051179036635,1.469032031447985,1.403682119790893,1.3762951660618934,0.3614916539348305,0.6428186142875008,0.06638224881152249,1.1060851246428027
1.0427586886838396,1.1736099717796449,0.36344849937060897,0.6369066967264316,0.08891068286573428,0.6990776181785654,1.3890713306906548,-0.3167915732394788,-0.511205295720078
0.5757972090696375,-0.04682798314660747,1.9983363447489015,1.7443102727010715,-0.43085600269723556,0.5303845326698493,1.2995122619788748,0.34690984318731877,1.2430863671647399
0.13015212597423598,0.059779858498521216,2.4593252812957482,0.36956099628114725,1.031383682369693,1.3819525751076869,-0.8611126377577452,-0.4086804259145743,1.479404587279343
1.7087552572886544,-0.9354455048082689,0.8244709450997577,1.2897290847004736,-0.13468872149938976,1.69812172118513,1.3458206180506118,0.8187813508307538,0.32208923501716624
0.33617415373244086,-0.19042075991500998,-0.4399622664504631,2.048611413761024,0.04422862718599607,1.0346713386569926,0.339177364516385,-0.5740169227822033,0.5773029613588556
0.7979760459317413,-0.5808790094634857,0.48461401060822334,1.7909090373266296,-0.21247787175734423,1.9569891002272004,1.858400174112863,-1.4532540683006938,2.3943692495978857
0.9097741357326772,-0.1881885177655976,-1.5061983001738026,-0.2879741463850636,-0.17508265616748367,0.2522780446491457,0.6151007619916056,-0.6926471237961082,1.2841264795726004
1.3721125161662044,0.18391833925630863,2.194224095867209,0.7083010976520725,1.01468914307057,0.021090759489968636,2.061866719385045,0.40122420671532555,-0.13075045405907904
0.6485444667984681,0.006429854398243243,-0.4088445824059058,1.180036802870358,0.6552183923457784,0.24326832689554312,-1.1717907639342353,-0.28185884764707414,-0.015067535006577093
1.169040970945173,-0.22520332529159254,0.12128169303738667,1.4887748380086891,0.4589597586730604,0.6547904160336356,0.43423759285961283,-1.338200474274627,0.5556572100697357
0.1519857880867398,-1.2892678119264172,-1.816056418104659,2.4581349216857418,0.022927743372678,2.5816150317316433,0.048073090781821426,0.7247438897886709,1.1547717593582256
0.36999633090493594,0.6709901385106717,0.07133085982787413,2.953615544648247,-0.293786395734113,0.5352594183623594,-0.4099651950866601,-1.6846361284735059,1.2152033601496415
-0.16199914383991865,1.5309823288011364,1.7188376891040225,1.8173693140629374,-0.582483460188594,0.30662537511754884,-1.1458357649463922,-0.5702646083716683,2.011740581095908
-0.3330972093453801,-0.589997986033607,-0.17227913555297547,0.17331802608519475,1.5229939927484306,1.338086462288888,0.7185151046587241,1.4331305468270004,-0.2282361478733682
0.9000232289196988,0.9414997102005078,3.5077617719948315,3.044778506487967,-0.3055328057076143,0.24283320862519564,2.010599382396773,0.7232068723680853,2.0958105278871884
1.0661031188715187,2.5718585232293645,1.7508474515010972,0.2764608962736419,-0.42271582338704045,1.8362853770611374,-0.010398908480008795,0.5680504612205044,-0.288328027958375
0.18256596540250558,-0.8507882463588654,0.01847151071724673,2.7174569898410965,0.7870044415492707,2.4470535139169862,0.9914773698382269,-1.5469810070129286,0.27467392931308876
3.1372570755614335,0.49084072981249394,1.9730646445838254,2.0804422267270253,0.3565262479363878,-0.2872338266368374,1.4513346274444952,-1.4148244902531093,1.8480181918791962
0.13985002372131716,1.125279538807162,1.2686117262238592,0.04269407860851371,0.7162405058358294,1.063463500928532,3.0774403104105836,-0.714163189861346,-1.7360933840642638
1.1208558518905902,1.2629187123394432,1.6200682588986108,-0.08684809457779452,0.35704357651894736,2.5710517158262896,-0.5849840912370103,-2.7839807473276243,-0.5317645946626962
0.6131866516613708,-0.8197994076707648,-0.36468025374617474,0.44355744124709984,1.5891994642345866,0.3853798030672695,1.3764891463377484,-0.8287010502256211,1.2153464574522101
2.268103010759445,-0.309132080650771,0.9978424559503489,-0.1527047916245451,-0.2755465988075442,-0.12528330045347802,0.568470649930936,-1.017274809638073,2.12380768926087
1.4699308298280394,-1.0591955413637946,0.2230586505527984,1.5251054369289097,-0.16297038049107887,0.7361590905748492,-1.7667192343684959,0.5434562201214865,2.1349911486643234
0.42094052570573404,1.0520053107643597,0.21444544552241818,0.33662298038438887,-0.46879546211836937,-0.4201750932089504,1.0402482295030226,0.767675715661825,-1.0633456837226785
-0.09857132605262009,-0.13814098347766865,1.9183014173395412,0.5503452331717212,-0.5404408920457965,0.8456267718777266,1.2377269260382575,-0.20912455128888147,1.352145378719028
-0.15964484907367027,1.863370338691783,2.4351517005217578,1.5895475734531854,-0.9895933825036631,0.35197663053103323,3.103490416264394,0.5423381492248409,2.665783221264133
1.5171963881989616,-0.8845910931458065,0.07723532342961137,1.7436752112226672,0.025251598526847274,0.6601824981300612,-0.07375647915683325,1.5079504563238142,0.5112843061650179
0.698642993999099,-1.3765656576618945,-0.8077978627237773,1.727079966025086,0.5773486103748724,0.2958523857956644,1.9025670520558546,1.4560840348551678,1.010198854905164
0.5292365866437165,-0.755811723481999,1.0112593206827625,-0.23843690146788998,1.0235123570839006,0.5322797735142953,1.405542006385667,-0.0029975366986997876,1.321224153999308
-0.024970039920559572,0.8747960771315112,2.83296144838959,0.7144708277229801,-0.5281410180805796,1.3423859880045699,1.6600542413260015,-1.0958855556512348,1.5174695650721053
2.377254690880554,-0.9839422260668423,-0.32568682357260725,1.2246088073791745,2.547852505695749,2.0392839902637956,1.1324178012056234,1.2835865968425617,2.3277666397877033
1.39690748200452,-0.9640677275809634,1.1076893748879095,1.215826946635549,-1.5022594807846172,0.6068520055284362,1.1118129163958765,-0.35098779060947605,0.5647962436931697
1.2233811939658281,-0.5725459420967327,1.0484234329072688,0.056096442434065974,2.030236269793428,1.9348113124123558,2.1022026486147456,-0.6482962756181629,-0.0898602682849532
0.5522334421451554,1.5839872540069275,1.548185588470758,0.11465921543528956,-0.2691029949201286,2.2129181847695056,1.556448023599003,0.7551405183554036,0.2177947244820999
-0.790859123804416,-2.7942352680249662,-0.023461407683594837,2.5100671575905675,0.905177878317559,1.6645612322370367,1.2038619144437341,-0.5729594982245805,2.1238696302406512
1.6826010831538452,2.670516435124605,2.2626502435758304,1.6356623192844069,0.569973155699092,1.1713649856162531,2.0141108625466133,-0.2649821206067762,3.125718868354874
-1.5668888993954577,-1.802040357832792,-1.2411924333205047,0.1753457974044157,-0.9075470622375559,0.7522185518553027,0.3876453411268824,1.0614038897597866,0.4882371632955105
-1.3282881743491055,-3.3187054665790088,0.3087625828645333,-0.8436035330552563,1.071709808661632,-0.8602896167234456,0.6117397250037899,-1.589539542637913,-0.9942806638009231
1.305336612053574,-0.6041907845642116,-0.9815696592566842,1.656345097562658,1.346245514074449,3.7045387032681782,2.118585527109839,-0.11331420821086541,0.7563775127613738
0.6250955975700558,0.9252239777375608,1.4119556148580505,0.030398458413086527,-0.055649000867807996,-1.4170756627040078,0.9288584968091118,0.95121437774297,2.7340718095984142
-1.3345607411984761,-0.9795973492473986,-1.2242260194222636,-0.1730231035581853,1.0777352211489146,-0.40295154454585747,-0.14631730976943358,0.6346655763649394,1.3706322537117983
1.8221543294681113,1.3617998835293266,0.3822213718250208,1.7469373635597392,0.17873876710441727,1.0684709337988427,2.7684464842866583,0.20421435724151338,2.288837815010007
1.5521891770267957,2.6657459597612876,0.9020666751943122,1.4650176463093505,-0.1876238012901701,0.7798308934873766,1.9985680072146388,0.09765941197552969,1.4609672219544614
3.488684763764046,-0.8365361461242875,-0.020077603340243333,-0.34900726126124004,0.2711240145311889,1.4578204532765198,0.1825639503809644,1.2023229605944288,1.7513792135451887
0.4761906733630329,2.9234573603273173,2.292840825165461,1.4976536600351338,-2.8453323953267295,1.7579995788892548,1.9863245522312298,1.1047555376252758,1.4137186671096384
1.409784961696682,-1.6695221127256201,-0.05684750586830378,1.4075851564779218,-0.4226605509371513,1.154412958757424,0.8616547064713206,-0.20355226430415074,3.0593630365851303
-0.2612585421729108,1.886749963408979,2.1695653711598086,1.326799090736054,-0.9710587650989312,2.9253827082162287,0.34847818521910834,0.4654136248030032,-1.5379014678814076
1.209502591424769,0.20319567478029643,-0.9943508353808793,1.3408542402687589,-1.212860303445831,1.2612400225579155,1.6550333827588637,-1.8943447734881604,1.5381166261347312
0.04011136491167577,0.3194866260743658,0.43079772783113673,1.809772375875985,0.14874293743988776,1.9245364561786356,-1.5929290947769599,-3.0594442047617036,1.641264065580181
1.0480242510485365,-0.18370860507946798,2.2512015567089696,-0.21376191037593306,-0.34030083061299077,0.6407127855095429,0.8324207771561197,0.0490625090201261,0.6041014765280164
1.289512888294487,-0.117608299220282,1.2147039260903871,0.4118832320190502,-0.16934076112606106,0.7214237917474613,1.8352609221163572,-1.0592747147528399,0.46004009579953353
-0.7475225179975145,-2.556744898464454,-0.7238645740783219,1.7075245742320968,1.007625141955301,0.18799037138798202,-0.41724432989812144,0.45497025338211605,1.584899907859462
-0.04440654403092503,1.2651390154935935,1.118626414353782,1.762191163372534,0.156259616861456,3.071431082603002,1.890156560107149,0.8983575410124676,-0.1719681157653844
-0.17435123896748128,1.9050129201411974,1.0655694901138142,2.6545053965860164,-1.7901399507813531,-1.049828851845247,1.6654590156456945,0.3459397518150762,0.9033766585063551
0.3518396817020481,-2.3295880738847687,-0.32050547256874184,-0.29998950288321913,-1.6541918965453768,2.672906048950106,-0.747441352867021,0.06734915493728244,0.3005897309129951
0.6344704614478743,-1.5426733847870513,1.7282716385812944,1.9677630151063215,-1.5299634995507905,0.05407360157527685,0.0722937284508739,1.0495985492895574,2.3365842180099596
1.284853031369464,2.5212691844259263,1.3468080720528317,-0.1014033167576156,0.11785923284776367,0.39867741904307874,0.36592628227113944,-1.5687253982520188,1.2518776948193455
-0.5737276050883109,0.7185440438775057,-0.21032592431377128,1.3692988040440743,2.316506399435694,1.3549878389559493,-0.44954283728223254,-2.23161514159529,0.4187314477343219
1.4661351398154319,1.4364062041865755,1.929996956401419,2.2891561934151117,-0.3227579247406563,1.9881681392146358,1.2160646350949984,-1.2786655862779914,1.3514412387699672
0.9949145571461786,-1.760189506280865,0.855033003682192,-0.1041280579212166,-0.16040645651901525,1.7290435638032569,0.6791881620316217,-0.3594221557334576,1.4167386461163702
-0.9819318056491664,-0.3840313205673792,0.9694177124356919,-0.28733222177728956,-2.0995087974358153,-3.0483544167627947,1.2015918341916354,-2.23984840503309,1.0150852570666953
0.7514853813547155,-0.017580055344861054,0.29371633346471326,-0.6352515089504087,-1.6913342386629606,1.0195897831755327,0.4326017511558708,1.3114257513376406,-0.17708693105497508
0.1479777905491675,1.6270053941982283,1.4846214606460815,0.7850436596679936,0.40740845912541535,-0.625568046495849,1.1016258106925791,-0.1309512087842929,1.2104407139148217
-0.17162268333148167,-0.48340180659422427,1.3295639910565922,1.7275133810301635,-0.316141050205487,0.5013501926545401,1.4004223928856883,-0.6353922642167957,-1.15561187100902
0.779621393751058,0.1582706170917173,0.3686073505825561,0.2527279784918649,0.12855068356148777,1.273537251300998,0.20478253623957843,0.855444737017757,0.6942008251858277
3.1079471952629985,1.6396063678043171,0.9320257101268177,1.6882141462694127,0.9635193592933107,1.488217931887545,1.0531476893087084,1.280532777689589,0.03438707872101643
1.343188493498886,-0.9742928717263928,-0.8673898576642084,1.5993116148793067,0.15774175791623618,0.9421581591865331,-1.1409881708049796,1.3110500693422231,-0.2203890524272628
-0.8927700987475347,0.7254640086551976,-0.06764787271848949,3.155744660325179,1.5568563455954585,2.933954274361305,0.2622857368067135,-0.2422466012794534,2.2566006201152713
-1.111316461291819,-1.217172464243795,0.8167044956551561,0.43778774642397994,-0.9090373813729231,0.6600522435437217,1.3365885054323727,0.45371449377448714,0.2895744750120832
1.9851562511652276,1.1570351103408847,1.5311767783637236,2.0209077609600388,1.6161858784919938,1.4219483138366784,1.665237372428223,-1.0330933006563892,0.2345898071456114
0.8032631781307331,0.6533014748293332,1.7023588025786034,-0.8078490436485408,-1.0083888950721729,-1.0344963108730663,0.09990211153574846,-2.7961375937089414,0.22785624948635563
1.5129703094419291,0.84588117733238255,2.650300371566914,1.09893391898592,0.2679646008788647,0.38005331050694846,1.0529043196192884,-0.8943321834131069,-0.6797185999463095
3.151919823611514,2.079804365531384,2.4468194492437774,0.5670175201493437,0.3933938090198711,2.064887445384591,-0.8413600293909318,1.118533402354435,-1.1836800857959493
0.27786185802337515,0.09352892662587295,-0.29781727542762126,0.5368981744236743,-0.6342634525997541,0.9295555194967149,0.1862334863188908,0.10177777125599327,1.0633602784421836
0.5307149388084091,2.5420993938158336,0.3502241302469057,0.38598230949653256,-2.0509045785480957,1.6386091447733904,1.4707800539764342,0.14043648967332648,-0.3463659727558862
-0.5322238222888873,-0.21082554072370813,2.7135131352562585,1.3170667553852342,0.25792273288820533,2.377740264640472,1.7834969768562297,-0.36657486780245996,1.2003268548308403
-0.052636823717885806,0.21341868874498776,2.690181401780246,-0.06927302790771783,0.07653263127277365,0.5517752004587374,0.9842417119089721,-0.8081339008837876,3.076347455552522
0.33074116899395456,1.018481583972958,-0.29571084824613136,0.996076208451171,0.06099464950155864,1.4013765952536446,3.966426750682883,1.158403320701407,2.7071913771402483
-1.6229461110125207,0.6818633444573998,0.39463464568209167,-0.12894742340728083,-0.5596638924615864,1.88578686533151,-0.18530842752667576,0.5741438968646366,-0.05901431865836115
2.5995737480376384,1.600147985075912,1.7151208816110337,4.168635272725737,2.48973207589367,2.0457026142583334,1.5315537858671333,2.2512274209753294,0.5017240118300491
2.073382656069584,1.967830054992208,4.951841727169431,0.7172407094655571,-0.811817678987455,2.7252243374527327,-0.009353876799748195,1.1307089162721813,-0.6026495802796791
0.495137003912558,0.37844777276334296,2.408739001858889,1.0678950649407741,-0.24797668769719816,-0.6671330694502421,0.6626444669996114,-0.8472121995222046,1.208372799638504
0.5667590398476543,-0.5234061478116505,0.08246159341684067,1.5163854803320864,3.0029050797905645,2.963360933296548,0.8499518723090618,0.061943899296369787,0.8440350932431446
-0.03392730747763595,-3.475153047033735,-0.03421206552643863,1.0911708288362538,-1.6613972218395436,0.940629127843305,0.5422302212744405,0.38898580022667417,0.8969210484991068
1.6034850479210228,0.3647554403742693,1.3157549194433176,0.16605235654215278,0.9176863953255419,1.0314610988700734,0.1487927227285284,-0.2895374823193707,2.3641720908853916
0.860493677513252,-1.5646640754569996,-0.6049356943715017,-1.5625245554353184,-0.9219118738301861,1.0847248391594282,0.4563328654395149,1.1168026919621021,1.4221730113672677
1.40878894929608,0.7701878680993705,1.1291368751752888,2.2987985289400785,1.1869787777593894,1.6194911039493989,1.3548475524277994,-0.29835502177716844,1.7433723430812413
-0.04040307020709488,2.25322494852612,2.0681201174545154,-1.4797910454051562,-1.4333120476488352,1.354322858625003,-0.12353435773700316,-0.23907438235660178,0.2396439171929884
1.0795536902342207,0.38250127490297736,1.051944368408145,-1.1603231881511404,-0.6639985634872585,0.36541708891141916,0.6645547277759551,0.37551818368643447,2.7033421652281278
0.7127951587415069,-1.1194832725615953,1.449632913335285,0.7327609323344294,-1.6205923994577052,1.7883831601273301,-0.017326859064470068,-0.17411688677401063,-0.7751656249990789
-0.1462454609812629,-1.1089973417542558,1.26248576628251,0.26142595125189994,0.6052739122116529,1.018956994790267,-1.5066394132530907,-0.185875158562396,1.2587566346464971
0.20657573144734653,-0.12200212016622879,1.1647694476685464,0.5272231802226583,-0.10334951088832128,1.5546373879904025,-0.01510215899400924,0.37996096123202916,0.7464321037029932
0.030728185629767868,2.63248070527238,1.5036118567974932,2.2159956578187767,0.4100716647269451,1.0138771578381056,3.011665542999049,0.5063473157581855,1.910245790527778
1.1373907484474386,-1.4938131685963203,2.197851119806664,1.8568819073740988,-0.7764115707095236,0.28690589120358034,0.8089205836980394,-1.3853793383893491,-0.428039681727714
0.6742228893459412,0.24056038070840835,1.2445066422372002,0.8035044658495509,0.988776852137059,1.225339849081692,0.7035903651291779,1.486409359651829,1.1022607365809631
0.5530170316876737,-1.633302449491642,1.2114178989755076,-1.3163544939697847,-2.409255108453479,-0.03963234701618823,0.9426485723828688,0.6416934279519859,1.374747411873419
0.7554877297210705,-0.2583296613713092,1.8517588879029474,1.1178529389768497,1.1801601617501103,2.777471997113341,0.29683961667580283,-1.358785316761827,2.561798306285231
3.178289422221279,0.23995286678025407,0.21089267368675546,1.6515433540214628,1.1857583413065296,-0.7447826271558141,2.6638718657687375,1.7136027401194631,2.3309470920109776
-0.02121471065868974,-2.4040583518373593,-0.32576081007026103,-0.06600941571173602,0.009781298067940064,1.148922364756599,1.3040589841577888,1.370955607289502,1.6008269842980458
1.7087155473378979,1.7539166262468129,1.6617262466834757,1.6258846236288638,-0.7992357771981,-1.031872436750568,0.745572211594169,0.3369569993387605,1.5037880789678049
1.6069231617063342,-1.5121298345569187,2.195702717867448,0.8495250543301349,0.42084023721524333,0.4891778249255442,0.27012518780722616,0.39965861172646033,-0.8365790804656789
0.45969053757510847,-0.1314307475840645,1.0619080578757325,0.21501911614241864,-0.7961812363024696,1.4840568069165068,0.4380896702995096,-2.6259157045099544,-0.7947005308046754
0.23152284397997214,-0.04242368645422488,-0.6883700103342499,-0.2141820499231284,-0.5187661974837822,0.7097982946761998,-1.2439169828981242,0.055976612141488746,0.9678057192481708
1.8424692390815764,1.4307000991474648,2.1349862233944474,3.1106249659515783,-0.712965017952198,1.611023755184529,0.21576916781314748,1.743318093319742,2.9221320847364387
0.782810907761508,2.423280759742024,1.4016605887959819,1.0007308491597042,-1.549488788293995,0.6342266495922201,0.21500905960818062,-0.22729039006278934,0.8789496483862747
0.12577369714419795,1.9887684189638726,1.4882800578401714,1.507272137591122,-0.741117186937476,1.9429762767530758,2.8290991004346746,-0.7845900581348972,0.29532013691307957
0.30752602346674696,0.4439838773759196,0.001278285985895744,-0.6343749369413618,0.002227108235042685,0.46056902137380834,0.645588555401166,0.8214035240756529,1.2524901189092894
-0.6993434324863754,0.4395213123943853,1.4888986743612866,-2.103061206628407,-0.8980570043640551,-1.1863637733740644,0.9299254155928398,-1.361872308994985,-0.17611536379628923
0.1357277583524681,-0.25411813956940066,-0.001092582466655001,-0.2722885386204337,-0.5300407590861691,2.7664025807371764,1.04865701091005,0.31901525283124843,0.6108372091287698
-0.1397664517376016,-0.25489790646730326,0.870388640211331,-0.6277882274978073,0.3310003864689516,1.104273279407604,0.7749783643193813,1.4028317486659836,2.0723613040467987
0.4920811237037729,-0.9481059735655968,3.484285329277116,-0.05957736908657907,-1.3064730500989266,1.500620288273704,-0.26332229539668006,-1.7665331440503869,-1.737383439604319
1.2430079081133283,-0.7303458763120995,0.4258861689191225,1.9791570492077455,0.46530542461971547,0.7315445296108641,-0.1283672369207136,0.10669002980415218,0.16965002862516276
1.6230746549499973,1.2761673055171825,1.233873920626086,0.6371782259402232,-0.0995422617136997,1.6850870728154743,1.1824489440671595,0.2209535803559401,-0.964757983571174
0.9697158726712035,0.2443441034075865,2.1093393604408877,2.4137472514448257,0.7802550535385455,1.199047315310057,1.7640090035313,-0.12959911269066438,2.122603430447026
0.7777846931311732,0.7067730094815606,-0.7316283756303418,1.5006126371170039,0.5694995677890825,-0.3597832879067496,1.8637345310329017,0.9985372942719104,1.3370132707534292
0.9733037996388891,0.933630744276094,1.9659888910521213,-0.2297980310506723,1.3435452251297126,0.5169782220949124,1.2735293349691137,-0.4460385028066307,0.7383462540155421
0.4340449235670906,0.19933980214061092,0.7667417613543371,-1.0797205869336304,0.65075781195755,1.5143032769289542,-1.2172745020387428,0.22058016158108762,-0.7355305695795294
0.47024255898052514,-1.3045566066850565,0.03197271811048652,0.8890585668677294,-2.5536953895538694,1.3134105051957503,2.797697022376892,-1.6453532462658111,0.7711498841461593
1.256110611503591,1.3022583171223758,2.251265498031295,0.31239398247263905,-0.10527786561702922,0.8824738802862991,0.7239648610062149,-0.5844323088323916,0.5300805726063241
-0.3740513797820695,0.15430004862626628,1.1670418889802232,2.017575791864677,0.2235927034845958,-0.7432383952237743,0.9946453947565455,-0.4459885608134952,-0.4904967378191837
0.40158676173116636,1.839125346737521,0.7422777317138302,1.9340505121261256,0.9975659503085599,-0.010655755529020094,0.3510598525551903,0.12850607489862245,-0.5947796739351862
-0.7460943326475984,0.25098173773596727,1.1885627485040584,2.5214986783086246,-1.2371840123595812,-0.1408020127769738,0.07660753478739057,0.46741081563716413,0.11438443449703362
1.7460525176077193,0.7964528059167343,0.6470448628539356,1.205723568104856,-1.156665859053546,1.5943680298135119,1.4585081161009734,0.12576743932282852,1.0873729124639124
-0.7991049359358113,-0.6741716164555704,0.12678381489100465,1.9821966530786277,0.2655068124931097,-0.17946830286307802,1.2289273858672167,0.014821190768715242,1.4124880621919935
-0.33892866238316,-0.3624601229517585,2.2256759375589588,1.4448175618161785,1.9220148273983992,2.2003679953624764,3.2484480092165255,-0.5425748162025346,0.44091777765675455
-0.895371466476145,-1.5558166977274501,0.466021047508015,0.9421084633069633,-0.8792451964515777,0.08271863803161517,1.563593748770298,-0.8707079187507926,1.878718428828495
1.3209939764510366,1.8259599104548168,-0.3012429852949424,2.459584505750102,-0.763537032230877,2.1878580720106835,0.9739533480397072,-0.6447277902617821,-0.3674982639444767
1.2212665912738028,-0.3975319234799296,1.0884011370620363,2.286879361829842,1.1992039770032743,0.22317542510684452,3.0345994880181864,-0.7363110935231876,1.454710013014218
0.7675065481005963,-0.39984676748854164,1.2472588783517855,2.301241095330417,-1.8623567058696908,1.4375945319141286,2.9380958726354534,0.46703526930374917,0.07795998992153241
0.19462243679532143,-0.04032433344389333,0.0855107889076625,0.7459754674189469,1.7674976582670725,1.4246283415058802,-0.8372376046886789,-1.4629854395081685,1.284026557829018
1.6439240634570729,-0.282066468005841,1.7906517196205247,-0.5876316803323167,-1.0652719436831588,0.63214637359302,1.504513802177664,1.522034868494767,0.2536593259380774
2.057667697967701,-1.4697146159530992,1.4333866222857523,-0.15041583089214794,-2.1969928729876695,2.448214966314267,1.7454686246310018,0.438301387335541,2.5836275858071094
-1.4125849277676124,0.0918542419776037,0.9832989739493527,-0.4581480266422795,-0.7564179768287269,0.38114951105629435,0.19683690199693404,0.8491310995036252,2.2873723980781477
0.40229010337186755,1.783823133608753,0.029524537748983337,1.123256108135314,-1.0928154740680611,0.6022000322295205,0.8337579588259986,0.7733148932960368,2.2437574239670015
0.558705285024317,-0.06242862117613687,0.12441248117720805,2.2502539311898024,-1.5517294302333415,0.014334199826062322,-1.000465687656497,-1.2725631932232355,0.7577592248264792
1.5601956536611201,1.305951445764358,-0.1576363116375069,-0.4462097131579952,0.03307085602695631,0.7747908217001713,1.892140078702072,-0.5852228555736547,0.6114379318533198
0.16694339428245464,-0.4557954446848631,0.1270984578822637,0.4083780592859355,0.14724238988188337,1.1900519529324851,1.2112469898458398,0.6720795664938313,2.2490031241140347
0.843671154315014,-0.9303394706572993,1.5320787623957441,1.0778634659896498,0.1024506496273507,0.8247691197893733,0.14544985490990225,-0.033564566696871856,3.047307261297491
0.8143508932195123,-0.2862554401562538,-0.6459246976823964,0.6370588716862859,0.5741530093758421,3.615607876331009,-0.543884905924231,0.4190267234896976,0.5533820656046509
1.6947524931083555,3.646354049753109,1.5334901014415219,2.8315140524244726,0.5897197065475657,-0.46035150595139396,1.574506183507752,-0.24384151107470053,0.8273711505472702
2.7517762947028945,-0.3278680784966248,1.8031107058185092,2.777662632733729,-0.16313906329242556,0.7992073121779864,0.4923441508121945,-0.8794651361453895,0.9953882647958168
1.3272637457405012,0.499022032628174,0.6475524747609518,-0.324120877806821,-0.7810191332131015,1.067025151440377,1.2249254395760565,-0.8229095607890966,0.12579566125894026
3.586918063115037,-0.8287534759557443,2.2958628798358927,1.0867646374482791,0.9356362053336387,1.8182979164122455,0.9229398789477037,-0.6630797516771398,1.8360000061442037
0.2238376099199274,0.9973672088719501,1.3612958074480965,0.9481170401335001,-0.18916673659298847,1.06972248723376,1.5503527182482535,1.2125931245319945,1.7899607783232412
-1.08423416196159,-0.6473851125273765,0.9504525252112334,1.416543451757849,-1.5147763820705031,0.2856182349973585,-0.26169910753717507,0.3432534979358322,-0.2648949643742081
1.225526417604553,1.3793855847019703,2.5711812373317664,0.7553844578375781,1.4418330603891352,2.7561420222458146,0.726787285202073,1.4097105910789427,1.2454059723313042
2.2403868073076336,0.0788634952726282,2.2131711131125607,2.279711679889515,0.367951235575396,1.3502037363072408,-0.6072141831376754,0.44742763036472133,2.9878804673908483
1.270719179570875,-0.255924097888543,-0.5726029201207935,0.11907323293088812,-0.5068702672979271,-0.27313767272038214,0.9307182198694148,-1.9374294589079097,2.031659522873993
-0.4749654549501865,-2.1955642277788368,-1.453997860127831,-0.10620104536201658,-1.5450277846496847,-1.265172340671537,0.018274753454419868,-1.8600172120747571,-0.49148392625686566
1.119411246360308,-1.4256388966380178,0.15476312590706776,-0.7085967992245761,0.23980437560593648,0.7786744651115214,1.9549734872331292,0.20859161681492122,1.0757876765304553
1.5783601254822628,-2.1219174270301044,-1.0172839900666233,2.6882490645861417,-0.47567812359598644,0.29954202021140297,1.6408633540835575,0.9061857601305947,0.8878899386973913
-0.600654863247644,0.710318372254178,-0.6020213615103741,0.2810563478424587,-1.3878189295037768,0.10416609355337814,1.654671317517799,-0.3143276044285842,0.6312549708041656
-1.330829152663362,1.2249515796495216,1.0677512186913503,1.0845536270681948,-0.4001802142092646,0.18808235747031865,2.188197484320683,0.7331778387949405,1.4623560939680873
-0.08980248149205716,-1.267014587632489,0.9606117705565741,-0.11385170758153218,-0.17872962033253126,0.7511758280531684,-1.7065199990252018,0.5479685578526463,2.232321979227504
0.9292130189611393,-0.9850648402230743,-0.054731518778906585,1.2712725663042317,-1.8196614388895131,-0.043815198161955005,0.38511103732859864,0.0929529434275018,1.1021459402331253
1.104055834045063,-0.9351905709504078,2.625861289431241,-1.144967268016825,-0.8168195294511416,1.6400324332437268,0.16442744412619725,0.7201320487877345,-0.7911355805190533
1.5209616721769967,0.7741566880754475,0.47260101707758534,1.2819791099397813,-0.03597077651736097,1.3364348063263245,1.3489964489323636,-0.00853585427957236,2.882699426131444
-0.12244311998189294,0.17664742964767505,2.466231726859594,1.384706268895415,0.91987296970645,0.7939999610006246,-0.9843783848417433,-0.9109892905658526,-1.487416864239988
0.2987618998792742,0.7755482068077308,1.785833247055973,1.5130184047344364,-0.2564888490551368,1.5182334929564498,1.4903601598281662,-1.0719909955343006,3.3992800659263294
1.8264846411790974,-0.7236415481235582,-0.5091648682712123,-0.3223683363749261,0.3875668896904749,0.1955618711807513,1.7343517490492097,-0.9110970467589581,0.7037572161485073
0.9496731791407239,1.8470491526590114,1.4523306383708223,1.2111480923274751,-2.0625041689871466,0.6170717666999519,-0.31824084044255807,-1.3203534374377999,1.1111011116453564
0.7859821341608089,-0.288513451775212,0.3648945939362235,0.35401237915480227,0.8045288653939221,-1.8571322742732868,-1.2275943620317624,0.9100484017878026,-0.05049675533824027
0.047285970592461535,1.0038763940380904,1.8426126408161578,0.7752091929029616,0.6278769964249932,1.4541194553695322,0.570584110353122,-1.338411896758421,2.5815991642941434
-0.07545665965078607,2.0509836251907156,0.22644747135586585,0.3681709130700544,0.275516199714218,2.103251137589797,0.35219207011662146,-1.420101391000742,1.727477561807575
1.7914873846017232,1.0836596674291155,1.5595479150829052,2.8217281685159388,1.417864736171026,0.9832507221413831,0.33127919129161254,-1.8925182845346684,0.9661634924665125
2.4659480905953766,1.563722093331233,2.6885049434638133,-0.020195865615644015,0.03618809046461868,1.3039253848112442,-0.36937133337671746,-0.11675048508501928,3.126153755738144
0.5167636422345628,0.9569883897090024,-0.5126518890030408,3.400396878850311,-0.849809312436502,-0.07589444889656338,0.49442110029176406,1.1758886469559402,0.439839706797946
2.0005739422344435,-1.286534242682103,-1.090123825315941,0.6940997234188075,1.0490911934692044,0.5097825659304631,-0.17426256777598892,-1.2865558466862033,0.9833746552969882
1.6394639803852238,-0.2462151085271076,0.6409460208123607,1.2249807574472638,-1.2672446738427545,0.8647578147003926,1.0245752430074768,1.1732762005898094,1.2214980188589566
2.726631903403108,0.5391207315654275,1.6853721853525347,1.493017998261354,-0.43110592552439064,-0.375414452944807,0.9309605669079881,3.324782206799866,1.6018611753586498
0.1460005774861115,-5.1317929868460075,-1.3304089158329138,-1.8832984011822655,-1.0389984161588735,-0.45159073068727273,-0.8122605247573684,1.5823745600674421,-0.5340982422405679
1.344217985087079,0.5857982631000485,1.4224394928101844,-0.1546802715896043,0.6161006091150997,-0.5223365494780462,0.9445573576366024,-0.19596874287434285,0.41377298905553295
1.2774967545566505,-1.3215006515107617,-1.350825968223929,0.6868313767699834,-1.3483069553268023,-0.03694590263438291,1.8970066751732872,-0.40553470012387915,1.6849084415859346
0.6922859961283645,-0.49676370079475163,1.7701255272965235,-0.22888939824617816,-1.6614486885508715,1.5864130676745718,1.4641693855360498,-1.3980872770856962,0.8794423482693293
0.5302871479234911,-0.5534092413218836,0.9179769494786153,0.9238225004611762,1.0211087573887416,-0.1118504238207747,1.249523881931541,1.6602431646692433,1.388280082676272
2.248643290897627,-0.5038757564561194,2.74303714199474,1.8434374110419216,-0.4404570486494555,0.24102415326401738,0.8795364020555017,-1.5686350145746322,1.432431997468551
0.6766209910668554,-1.1935703813796588,0.20127640234523747,-1.0287858185802221,-1.7048962245993076,1.3559638797147069,0.47362966546767504,-0.13402938598803654,2.2896858417395496
0.5572529640006596,2.1317060259262517,1.9395318672956479,-0.4481874988169323,-0.6378082847656148,-1.3476626766875017,1.4885808474835773,1.2100027665493716,0.7234589114072846
0.43004301364185626,-3.922478265949943,-0.8778248927186635,1.4890418131536578,-1.5744341515773639,0.08113741337930935,-1.7767092588526556,-2.239179064667021,-0.33542895914748183
0.40961873988161307,-0.3745969970391814,0.3571481700573853,-1.3681419756635278,-1.163747917145585,-0.17735090345259918,-1.0377332073516066,-0.562985556705773,0.0463993895401098
0.9215857370697585,-1.8925930869951775,-1.0463594435092114,-0.8370361485994757,1.061671879220605,0.17265744516474535,0.4671618181683723,2.199397725222119,1.7100642688803975
0.9014825994779303,-2.5002107830906812,1.0536671945232714,0.37345857384264414,1.9610476624208093,0.6877639660173815,-0.8850524518311034,0.2665788096029077,1.7634581217772576
1.355226308820557,-0.25212732772049296,0.31503488660931145,1.32882047345515,-1.1967437318814664,-0.33529468596242806,1.2420963708067574,0.9250545961951764,3.090835433379632
0.4814545672784195,0.04034030759640264,1.138700762926663,2.5085535616908965,2.283678958887669,1.8912031646325538,2.7241582885121134,0.4156903526968254,1.2343531211980618
0.5816129077097574,-1.1439237449969464,-0.9310997769632586,1.0144895819117405,0.8949386163296009,1.4336055365522098,-0.3050468618637212,-0.6766530872053059,-0.7919202162467015
0.04857877856185677,1.3098590337017257,1.0196412090189035,1.7640399445755093,-1.1834907361739886,1.9488344238944713,0.821000873334366,-0.42275993955011537,0.9465339574668695
0.1694883771925667,0.6566367221932926,2.122616017833545,2.701769105887526,0.5160521175583892,3.501753030513994,2.6742868903033674,-0.12013245577710419,0.8044077495839019
-0.6828515079428932,0.12446645199425943,0.18908550928921442,1.4447433500937699,0.04767467812629014,0.3220603485870118,-0.11158105823201503,0.2917867122145968,0.5664075036567866
1.8137090804553417,-1.2593082334983126,-1.81333792829398,0.42420872403560933,0.5521945755797398,1.6315073299358391,0.7344388278488556,-0.6424501726308804,1.7696544244593895
1.1712803261031186,2.6569511845801133,2.4414935138087945,1.8411663858488523,-0.8153674614836415,0.17238864039921775,-0.004949481735566419,-1.789570531930784,0.48644343066184764
2.1767087743451343,-1.511517132438879,-1.7120602877127502,0.17112433957678053,-3.1722053736978584,1.2376424397425079,-1.1273605162388445,1.4026984465134729,0.3675847199131585
-0.027088330714019948,-1.823101531301664,1.591934684355212,0.5216799150354622,-1.2140042727606408,0.04285451325719314,0.24245761083934725,1.0558741261241207,1.0113699291197271
-0.04448477576628407,1.7662699041165664,0.8247137130572452,0.5729128494904641,0.7110570074260343,3.863086920818709,-1.6088239801119792,-1.046575871832764,1.061376484866347
1.0990615028872481,0.5660475775234315,0.47911541552566816,0.7266725872700002,-0.7112537361807056,1.226746130496159,1.0691347989738778,-0.887260148787356,-0.3625498158104684
2.3679346747530996,0.581846265515866,2.147210542374393,2.34376724532438,2.499020098104981,1.5416539717621403,1.1513813885293946,1.4250958924507209,1.440501489776148
0.10810000693729838,-0.5040220742571984,-0.9320476385976114,-0.40241564821943854,-0.6575354343304808,0.7655329054823609,0.7445263890213067,-0.39374647880515007,1.0468949611376845
-0.27172138464981144,-1.729417729244793,0.9690748991223572,-0.5546870985922383,-0.17228825791107027,-0.3871591784721765,-0.7126963695852018,0.8105039370542941,-1.016115997232263
-0.14606209153099836,-1.4637436264263883,1.030489045359019,1.3906302998547522,0.011864753934851258,2.3979343851555983,1.969883066592545,-0.19741077733685009,2.092017811856008
-0.9138672922811397,-0.9468038563693194,0.7137869934133894,-0.7958690814638629,1.1431096987769178,0.18904700189150414,-0.5781209893125152,-0.7105179455056637,0.7683946389675035
0.2224202422206365,-1.2210578973656054,2.820934665103735,0.533839856289863,-0.20450468518621218,1.0096871632772588,1.1719643302144138,-0.1153249664930186,-0.02559078455758035
-1.0824401586548191,0.45122315443911876,0.9068181771502278,0.5533143989975791,0.3849477175534065,-0.005595452565355319,1.2212010215676943,-0.1358375399468213,-0.6697735126297982
-0.38815672416269864,-2.15352825010784,0.22681151425053725,1.261489718595135,-0.5232636186159147,2.8690473509401553,1.1197526149341996,0.6904184969962904,0.4437492454965092
0.6536654357402435,-1.0470664254665099,-2.4772254348486213,1.137255992646402,-0.004951723240254169,1.0656384473092644,2.1306348570923888,-0.4923888871813069,2.585195959332932
0.5257525023026388,-1.5345631928825705,0.8644303545847124,-0.3387315418471286,2.1763669765114395,1.2606225802957451,2.768066999753612,0.5133322664727376,-0.7371529096630368
2.030646865328543,0.8629123309088239,-0.10312252380389408,1.756059513871445,0.33003677733930203,-0.1311907900626642,1.7966262294362112,0.6310521629233963,0.7118412758022203
0.6888521173743893,-1.1776721073060143,0.6829242207192614,0.8531717956641102,-1.0589394946972779,2.343803657755376,2.4445192868658108,-0.10252580242558551,0.8998410900542869
-0.26438268020155387,-1.0119862286003123,-0.351968836977654,0.35023425196344626,-1.483027683291881,2.035378708328701,0.06755867053558806,1.0753983357012613,-0.2950259176419373
-0.7688661787669637,-1.9627268856371605,0.796400973460433,-0.02826991764430309,-1.2010461549849234,1.8329181674855977,0.5300176175819538,-1.9591631666323857,2.143899713818
-0.033391040124717275,0.756196208606623,1.0112087882198142,0.189334227769407,0.1712475502704236,0.81431930435073685,1.4373500210450738,1.302256207508439,1.5304483992277054
0.025627105957566787,0.09906120898197684,-1.2031959832321837,0.9618049175278309,0.4605139136479679,0.9891453473228458,2.0111040033552525,0.27059313259867335,1.0603923190435753
1.0544843415997018,-1.2577659715067357,1.1930048377889642,3.181073259148265,-0.09307251312499004,1.845236207905345,2.033045185265513,-0.8525924186658063,2.396187051703157
1.6044182450242834,1.612066513392193,1.4942441717765238,1.1992662792884436,-0.398052712911931,1.7545146605005568,1.054294840855216,0.08805171825943642,1.9150773284010834
0.10449946334305049,1.0358092214138421,1.7778387785743834,1.8422654789963087,-0.8726795261916191,2.149063407250825,-0.07048062070165884,1.2093586189718304,0.8867537730149012
0.41641665372341663,-0.5187210864415064,1.9818144892183045,-1.7028414641533431,-0.7616236166703332,0.3518059918108055,1.1627756703856045,-0.26562683451429225,-0.07747612296163331
2.6857211563926224,-0.014421723011918436,1.0490734468199796,2.291079598833357,1.5271472037122815,0.797677719224493,2.820193743264972,-0.010693977237375196,-0.18209955794835964
1.6953357281668562,-1.3375683449278355,-0.7141925487696003,1.3277890396469605,0.8365631931052916,1.6212496127063882,1.5703591539932829,0.891161112366997,1.7353899019121464
0.645231758178192,-0.3342532895638268,-0.01873282962985512,-0.5874449836744042,-0.5602644650341815,0.970474496494196,0.2949646989614323,-0.24697137208388542,-0.25934870990502923
0.19069547856582214,0.0956125157892043,2.7335278771779565,0.7272620389177147,1.1841353057306354,-0.001702588805122418,1.3605173221571167,0.14701466980319122,1.1372143549474951
0.19551420615125314,0.18529061185764228,2.3417675303931396,0.4391910361041388,0.14671031226096126,-0.13261124429925264,-1.0580388133012957,0.1801972609509247,0.4899996154967966
1.1715897700494755,0.5374783330175333,1.8572265774567174,1.138381859411476,-0.23177632258110772,0.47809196617787447,-1.0002029710433922,-1.0914663508504114,0.8740741199935628
2.463548858948956,3.7140304193766287,0.5184363364474238,1.7414672467967538,0.6716771483750118,2.1004602945632476,2.0860116052906825,1.0169702196026165,1.0118612646047869
3.100431570121167,1.1981937899113728,0.39675190960880724,1.4550288380228054,1.6089230504917362,1.1846588641730065,0.3423936237736098,-1.9805642546082531,1.8152731557889012
-0.931718839435886,-0.6333722453261144,1.530874208103952,0.37998001433537476,0.32571482392547635,0.2194133508706313,0.550789854356549,-1.6347880887769504,1.9569679463967322
1.4354753211173583,1.636247324478584,1.6138748103571778,0.9535065094273261,0.4236797063958434,1.2953097149369737,0.44209180351791966,0.5196130903481665,1.7602267475783084
0.3348434615078137,0.9687346916015178,2.0288991150775826,-0.4099102716236509,-1.0386515653091832,0.47155569712527823,2.325476579950882,-0.9642584459870037,1.0604056964657789
0.5671575481817712,-0.5866194654514335,4.051270043444107,1.8478420662274664,0.5191298879802928,1.7867511774249731,1.5283691215664477,0.32104630898630404,0.994754473469031
1.092713262587337,-1.3565898867492547,-0.7498230414242671,0.770730047644672,-0.6369792922513413,0.09131938422186714,1.086990974893119,-0.518371254630059,1.1006973468690213
-1.673630649334927,-0.5070727941606965,1.8621871638296414,2.3713796501264652,-0.18933630600343174,1.8642857764034764,1.6086301689981242,0.5788579578759802,-0.5268505946683307
1.7335024405386377,0.2173618961188556,1.348310650802637,3.641053331269142,0.38418537695061605,2.0008768820048677,3.2592001805129205,0.6743706638275532,1.8327070534009005
1.2085172145416503,-0.9419564572689285,1.1523056499603983,1.7268499715996541,1.2070579775236243,1.2944574660972872,2.737868035618252,-0.5868417883046723,0.5541621227847175
-1.7540628933182547,-0.5041044929254106,0.2843734835890813,0.27795466988463213,-0.5568410891050706,0.6405453692456242,-0.51077353696193,0.09760029175596896,-1.5435755212941706
0.6569984807132395,-0.7128258268426487,0.4196634383163231,-0.1385911233245818,-1.280162466527459,2.376917493636365,1.4425679732610328,-0.04418675600748864,1.8168777616286675
